File_ID,English_name,Vocalization_type,Quality,Hour,AM_PM,Year,Month,Day,X,Y
247089,BEN,song,C,0,am,2004,4,22,64,93
216565,BEN,song,D,0,am,2006,1,10,84,83
87864,BEN,song,B,5,am,2011,9,30,95,146
112603,BEN,song,A,5,am,2012,10,23,69,148
187721,BEN,song,B,6,am,2013,6,20,39,73
73461,BEN,song,B,6,am,2006,8,14,66,77
198529,BEN,song,B,6,am,2014,10,2,62,96
76077,BEN,song,A,6,am,2011,4,8,29,82
81439,BEN,song,A,6,am,2011,6,12,64,160
123208,BEN,song,A,6,am,2011,7,10,35,153
94832,BEN,song,D,6,am,2011,1,26,66,179
63315,BEN,song,B,6,am,2002,11,1,46,138
14774,BEN,call,C,6,am,2007,7,30,70,153
303601,BEN,song,B,7,am,2016,2,2,61,90
116198,BEN,song,C,7,am,2012,1,9,48,91
214770,BEN,song,A,7,am,2015,2,20,55,84
2889,BEN,song,A,7,am,1997,6,9,73,143
188528,BEN,song,C,7,am,2014,7,20,62,97
35360,BEN,song,A,7,am,2009,6,5,49,55
35359,BEN,song,B,7,am,2009,6,5,54,80
13505,BEN,song,B,7,am,2007,5,12,57,168
106265,BEN,song,B,7,am,2012,6,28,64,83
20422,BEN,call,A,8,am,2007,8,29,57,150
28249,BEN,song,B,8,am,2008,7,26,69,115
103181,BEN,song,B,8,am,2003,4,10,95,148
84084,BEN,song,B,8,am,2010,11,18,35,89
54823,BEN,song,B,8,am,2010,5,30,32,149
221677,BEN,song,A,8,am,2009,7,29,78,144
69888,BEN,song,A,8,am,2011,1,12,48,72
275905,BEN,song,B,8,am,1997,3,16,74,131
202124,BEN,song,B,8,am,2008,11,25,38,69
171003,BEN,song,B,8,am,2014,3,21,46,135
118831,BEN,song,B,8,am,2011,10,22,60,81
39720,BEN,song,B,8,am,2009,7,29,64,98
103178,BEN,song,A,8,am,2003,11,26,68,176
340433,BEN,song,A,8,am,2003,11,27,64,161
42738,BEN,song,A,9,am,2008,3,20,64,101
221678,BEN,song,B,9,am,1995,6,29,76,169
212941,BEN,song,B,9,am,2015,1,29,46,176
86,BEN,song,B,9,am,2003,9,27,38,107
77030,BEN,song,A,9,am,2011,1,7,64,156
270664,BEN,song,B,9,am,2010,7,28,67,80
401388,BEN,song,C,9,am,2017,11,23,84,155
37041,BEN,song,B,9,am,2009,7,7,78,153
147433,BEN,song,B,10,am,2013,9,4,131,166
103177,BEN,song,A,11,am,1999,9,16,65,84
38495,BEN,song,A,13,pm,2009,8,23,50,171
42724,BEN,bill-snapping,C,14,pm,2008,4,18,48,84
254122,BLU,call,B,0,am,2003,3,14,84,140
112599,BLU,song,D,6,am,2012,10,23,45,68?
239019,BLU,call,A,6,am,1990,12,11,68,151
61917,BLU,call,C,6,am,2010,8,24,120,113
239023,BLU,call,A,6,am,1996,2,22,147,153
239021,BLU,call,B,6,am,1991,12,19,92,121
239020,BLU,call,B,6,am,1991,9,4,45,64
239022,BLU,call,A,6,am,1991,12,19,44,66
325753,BLU,call,no score,7,am,2011,8,31,24,139
239018,BLU,call,A,7,am,1992,11,15,49,61
341352,BLU,song,A,8,am,2016,2,22,152,34
122690,BLU,call,B,8,am,2013,1,28,45,65
326954,BLU,call,C,8,am,2016,4,25,45,65
230061,BLU,call,C,9,am,2008,1,5,143,111
347893,BLU,"""call, song""",A,9,am,2013,12,21,44,63
158745,BLU,call,C,9,am,2013,12,16,45,67
95988,BLU,song,B,9,am,2012,2,13,50,56
95987,BLU,song,C,9,am,2012,2,13,44,64
166768,BLU,call,B,10,am,2014,1,22,46,65
3371,BLU,call,A,10,am,1996,6,6,32,138
339830,BLU,call,D,10,am,2003,10,8,31,136
230058,BLU,call,B,10,am,2003,4,16,47,63
230054,BLU,call,A,11,am,2003,4,16,32,135
146158,BLU,song,B,11,am,2013,2,21,47,66
131815,BLU,call,C,11,am,2007,12,17,85,105
113765,BLU,song,C,11,am,2011,9,16,125,116
15843,BLU,call,C,11,am,2007,8,15,49,57
326977,BLU,call,D,11,am,2016,5,27,95,141
251567,BLU,call,C,12,pm,2007,3,11,50,60
251569,BLU,call,B,12,pm,2004,11,27,49,61
251570,BLU,call,B,12,pm,2004,11,27,129,120
24011,BLU,song,B,13,pm,2008,10,18,50,59
251568,BLU,call,B,13,pm,2004,11,10,80,132
12273,BLU,call,C,13,pm,2003,4,8,23,138
251566,BLU,call,C,14,pm,2005,9,12,53,61
211636,BLU,call,B,14,pm,2014,12,16,50,63
74191,BLU,song,B,15,pm,2006,10,3,82,138
85427,BLU,call,B,15,pm,2002,10,30,47,65
347750,BLU,call,no score,16,pm,2016,8,21,46,62
167890,BLU,"""call, song""",A,16,pm,2014,1,22,137,36
273667,BLU,call,B,16,pm,2010,1,2,45,65
230057,BLU,call,B,16,pm,1997,4,19,139,45
230055,BLU,call,B,16,pm,2006,2,14,45,66
8370,BLU,call,C,16,pm,2006,9,26,48,63
162080,BLU,call,C,16,pm,2013,12,10,47,62
176506,BLU,call,no score,16,pm,2010,9,26,46,62
181434,BLU,song,B,16,pm,2013,11,16,46,70
374413,BLU,call,A,16,pm,2017,2,3,60,71
116387,BLU,call,A,16,pm,2012,10,4,150,144
116386,BLU,call,B,16,pm,2012,10,4,46,64
230060,BLU,call,B,17,pm,2000,6,5,45,65
230059,BLU,call,B,17,pm,2000,6,5,56,58
274462,BLU,call,A,17,pm,2010,3,15,60,76
183581,BLU,call,A,18,pm,2014,5,24,31,136
230056,BLU,call,B,18,pm,2000,7,28,67,156
74792,BLU,call,B,18,pm,1997,8,1,46,35
189831,BLU,call,A,18,pm,2014,7,31,84,138
317206,BOM,call,A,2,am,2016,5,14,71,143
318258,BOM,call,C,3,am,2016,5,17,73,140
206157,BOM,song,A,5,am,2014,6,13,66,154
153344,BOM,song,B,5,am,2013,6,10,71,156
185521,BOM,song,A,5,am,2014,6,6,66,135
185518,BOM,song,A,5,am,2014,6,6,70,140
160622,BOM,song,B,5,am,2013,5,28,56,130
13792,BOM,song,A,5,am,2007,6,9,84,179
177472,BOM,song,A,6,am,2014,5,6,67,154
177471,BOM,song,A,6,am,2014,5,6,73,144
206183,BOM,song,B,6,am,2014,6,13,58,131
278928,BOM,call,B,6,am,2015,9,10,75,136
394751,BOM,"""call, song""",A,6,am,2017,7,3,79,144
372594,BOM,song,A,7,am,2017,5,20,69,150
199590,BOM,call,B,7,am,2014,7,18,84,152
153879,BOM,call,B,7,am,2013,7,23,72,140
153038,BOM,song,B,7,am,2013,6,26,57,151
137968,BOM,song,C,7,am,2013,6,9,81,129
278827,BOM,call,B,7,am,2015,9,12,72,154
278828,BOM,call,B,7,am,2015,9,12,57,158
315032,BOM,call,C,7,am,2016,4,24,69,147
13791,BOM,song,B,7,am,2007,6,3,75,98
155548,BOM,song,A,7,am,2013,5,19,64,146
43642,BOM,song,E,7,am,2009,6,20,78,154
326730,BOM,call,B,7,am,2016,6,18,61,158
160543,BOM,song,A,7,am,2013,5,21,65,134
153037,BOM,song,B,8,am,2013,6,25,85,156
253399,BOM,song,B,8,am,2015,5,31,77,150
296896,BOM,"""call, song""",C,8,am,2012,5,18,70,130
296892,BOM,call,B,8,am,2012,5,18,65,149
278925,BOM,call,B,8,am,2015,9,12,58,163
59146,BOM,song,A,8,am,2010,5,7,67,161
147289,BOM,call,A,8,am,2013,9,4,74,156
337962,BOM,call,B,8,am,2016,7,1,35,81
313534,BOM,song,B,9,am,2016,4,22,83,139
131789,BOM,song,C,9,am,2013,4,22,66,144
337963,BOM,call,B,9,am,2016,7,1,74,141
337964,BOM,call,C,9,am,2016,7,1,92,134
216402,BOM,call,D,9,am,2013,9,14,71,163
216399,BOM,call,D,9,am,2013,9,14,71,157
100089,BOM,song,A,9,am,2012,4,22,81,164
237361,BOM,song,B,9,am,2015,4,26,68,163
100088,BOM,song,B,9,am,2012,4,22,68,152
100087,BOM,song,B,9,am,2012,4,22,75,149
100086,BOM,song,B,9,am,2012,4,22,71,151
389979,BOM,call,A,9,am,2017,5,27,86,136
296888,BOM,"""call, song""",A,9,am,2012,5,18,71,143
83740,BOM,"""call, song""",D,9,am,2011,3,27,47,58
178244,BOM,"""call, song""",A,10,am,2014,5,14,64,152
328931,BOM,song,B,10,am,2015,6,9,80,146
179960,BOM,call,B,10,am,2014,5,24,73,152
179961,BOM,song,B,10,am,2014,5,24,61,163
179962,BOM,call,B,10,am,2014,5,24,72,154
314099,BOM,song,B,10,am,2016,4,28,74,136
48268,BOM,song,A,10,am,2010,5,2,83,135
101449,BOM,song,B,10,am,2012,5,10,104,131
48651,BOM,song,A,11,am,2010,5,4,67,153
101450,BOM,song,B,11,am,2012,5,10,75,143
313482,BOM,song,A,11,am,2016,4,23,68,144
182689,BOM,call,A,11,am,2014,5,25,69,155
67480,BOM,song,B,11,am,2010,5,23,68,154
296887,BOM,"""call, song""",B,11,am,2011,5,18,77,140
296886,BOM,song,A,11,am,2011,5,18,74,133
314298,BOM,song,A,12,pm,2016,4,30,66,154
176638,BOM,call,D,12,pm,2013,10,12,65,148
296884,BOM,"""call, song""",B,12,pm,2011,5,18,75,130
296885,BOM,call,C,12,pm,2011,5,18,73,141
296883,BOM,song,A,13,pm,2011,5,29,78,156
59127,BOM,song,A,14,pm,2010,5,4,68,160
319716,BOM,song,B,15,pm,2016,5,29,69,155
317040,BOM,song,B,15,pm,2016,5,7,73,142
337314,BOM,song,C,15,pm,2015,5,29,73,158
373488,BOM,song,A,15,pm,2017,6,1,69,154
333314,BOM,song,A,16,pm,2016,6,25,80,137
356871,BOM,song,C,16,pm,2015,6,25,72,165
100143,BOM,song,C,16,pm,2012,4,30,77,133
292085,BOM,song,A,17,pm,2008,5,18,58,165
381413,BOM,song,A,17,pm,2017,6,1,78,156
381414,BOM,song,A,17,pm,2017,6,1,78,136
318349,BOM,song,A,17,pm,2016,5,24,144,43
318350,BOM,song,A,17,pm,2016,5,24,67,144
388171,BOM,call,B,17,pm,2017,5,20,72,142
388172,BOM,song,A,17,pm,2017,5,20,69,154
160803,BOM,song,B,17,pm,2013,6,21,67,156
180230,BOM,song,A,18,pm,2014,5,28,85,145
254449,BOM,"""call, song""",B,18,pm,2015,6,28,67,153
246110,BOM,song,B,18,pm,2015,5,26,74,165
180228,BOM,song,C,18,pm,2014,5,28,72,138
132418,BOM,song,E,18,pm,2013,5,3,88,142
246111,BOM,song,D,18,pm,2015,5,26,64,131
246112,BOM,song,A,18,pm,2015,5,26,77,135
95114,BOM,call,B,19,pm,2011,8,8,79,147
185812,BOM,song,A,20,pm,2014,6,6,57,154
185819,BOM,"""call, song""",B,20,pm,2014,6,6,89,158
185814,BOM,song,A,20,pm,2014,6,6,58,86
185815,BOM,song,A,20,pm,2014,6,6,70,160
185821,BOM,song,B,20,pm,2014,6,6,70,155
185817,BOM,song,B,21,pm,2014,6,6,82,148
319008,BRO,song,B,2,am,2016,5,28,151,158
14954,BRO,call,A,4,am,2007,6,14,55,53
172982,BRO,song,D,4,am,2013,6,17,57,87
369858,BRO,song,D,4,am,2016,6,25,75,85
138081,BRO,call,C,5,am,2013,6,11,51,76
101243,BRO,song,B,5,am,2012,5,16,36,141
319446,BRO,song,B,5,am,2016,5,30,33,152
160321,BRO,call,B,5,am,2013,5,5,45,65
196875,BRO,song,B,6,am,2014,8,25,51,74
389985,BRO,call,B,6,am,2017,5,27,64,75
389986,BRO,call,B,6,am,2017,5,27,70,81
371463,BRO,"""call, song""",A,6,am,2017,5,14,61,75
196882,BRO,call,B,6,am,2014,8,25,79,132
140782,BRO,call,A,6,am,2013,6,27,55,78
379258,BRO,call,B,6,am,2017,7,10,149,160
184319,BRO,call,A,7,am,2014,6,28,61,76
82759,BRO,call,B,7,am,2011,7,3,55,74
317055,BRO,"""call, song""",A,7,am,2016,5,16,63,91
13689,BRO,song,A,7,am,2007,6,4,61,156
164751,BRO,song,B,7,am,2012,5,11,56,78
140783,BRO,call,B,7,am,2013,6,27,50,79
262816,BRO,call,A,8,am,2015,7,18,40,132
182068,BRO,"""call, song""",A,8,am,2014,5,22,54,76
139568,BRO,call,A,8,am,2013,6,23,92,133
395415,BRO,call,B,8,am,2017,6,4,45,49
357148,BRO,call,B,8,am,2017,2,25,39,63
192537,BRO,call,A,8,am,2014,6,14,42,86
102207,BRO,call,B,8,am,2012,5,27,56,73
80335,BRO,song,A,8,am,2011,6,7,56,83
158560,BRO,call,B,8,am,2013,4,11,66,81
43644,BRO,call,B,8,am,2009,6,20,44,81
141537,BRO,song,C,8,am,2013,6,27,42,87
387362,BRO,call,A,8,am,2013,7,28,53,87
192536,BRO,call,A,8,am,2014,6,14,56,145
253853,BRO,"""call, song""",B,8,am,2015,3,20,60,78
253850,BRO,"""call, song""",B,8,am,2015,3,20,48,80
253869,BRO,"""call, song""",B,8,am,2015,3,20,69,83
253864,BRO,"""call, song""",B,8,am,2015,3,20,133,37
288571,BRO,call,C,8,am,1998,3,7,49,64
385856,BRO,call,B,9,am,2015,7,19,56,84
179051,BRO,?,B,9,am,2014,5,9,70,143
141872,BRO,call,C,9,am,2012,8,25,65,92
160341,BRO,call,C,9,am,2013,5,5,56,74
253355,BRO,call,B,9,am,2015,6,6,79,130
253903,BRO,call,C,9,am,2015,6,6,125,107
96700,BRO,call,D,9,am,2009,9,16,75,86
33567,BRO,call,A,10,am,2009,4,27,135,45
33566,BRO,"""call, song""",A,10,am,2009,4,27,60,76
33565,BRO,song,A,10,am,2009,4,27,59,75
33564,BRO,"""call, song""",A,10,am,2009,4,27,87,132
33563,BRO,"""call, song""",A,10,am,2009,4,27,59,84
14955,BRO,call,A,10,am,2007,6,22,67,82
255840,BRO,call,B,10,am,2015,7,5,70,157
183604,BRO,song,C,10,am,2014,6,21,58,77
135669,BRO,"""call, song""",A,10,am,2013,5,26,61,75
135668,BRO,"""call, song""",B,10,am,2013,5,26,60,74
135667,BRO,song,B,10,am,2013,5,26,63,88
103814,BRO,"""call, song""",B,10,am,2012,6,13,58,75
54331,BRO,"""call, song""",B,11,am,2008,7,12,64,82
164748,BRO,song,B,11,am,2012,5,10,10,147
379541,BRO,song,no score,11,am,2017,7,1,55,74
164736,BRO,song,C,11,am,2013,5,9,58,79
159336,BRO,call,B,11,am,2012,8,24,60,77
159277,BRO,call,B,11,am,2012,8,19,58,77
372595,BRO,song,B,12,pm,2017,5,26,143,54
164744,BRO,call,B,12,pm,2012,5,12,129,108
164739,BRO,call,B,12,pm,2012,5,12,57,74
164742,BRO,call,C,12,pm,2012,5,12,60,75
176376,BRO,call,B,14,pm,2014,4,27,53,69
182957,BRO,song,D,14,pm,2014,6,21,59,78
94147,BRO,song,B,15,pm,2011,7,9,45,76
379335,BRO,song,no score,15,pm,2017,7,1,55,80
86466,BRO,"""call, song""",B,15,pm,2011,7,9,59,76
373461,BRO,call,B,16,pm,2017,4,14,46,75
317045,BRO,call,A,16,pm,2016,5,15,60,78
320111,BRO,call,B,16,pm,2016,5,29,55,79
330559,BRO,call,C,17,pm,2016,8,7,63,76
278199,BRO,?,B,17,pm,2015,6,10,38,85
278201,BRO,?,A,17,pm,2015,6,10,66,90
278203,BRO,?,A,17,pm,2015,6,10,69,90
142861,BRO,song,B,18,pm,2013,6,16,75,145
228616,BRO,call,B,19,pm,1999,4,25,58,76
320501,BRO,call,C,19,pm,2016,6,7,61,91
108734,BRO,call,B,19,pm,2012,8,28,45,74
194599,BRO,call,B,20,pm,2014,7,30,33,140
194583,BRO,call,B,20,pm,2014,7,30,43,73
55153,CAN,?,C,2,am,2010,4,2,21,132
325435,CAN,call,B,4,am,2016,5,14,38,136
181303,CAN,call,C,4,am,2014,5,31,21,137
388694,CAN,call,A,6,am,2016,5,1,32,125
388693,CAN,call,A,6,am,2016,5,1,31,138
202087,CAN,?,B,6,am,2014,11,10,40,134
72511,CAN, call,C,6,am,2011,2,27,39,126
138068,CAN,call,B,6,am,2013,3,16,100,130
125207,CAN,call,B,6,am,2013,3,16,28,135
243586,CAN,call,A,6,am,2015,3,16,30,132
217766,CAN,call,A,6,am,2015,3,15,38,142
31012,CAN,song,A,6,am,2008,4,10,37,60
311816,CAN,call,D,6,am,2016,3,25,40,129
31011,CAN,?,D,6,am,2008,4,10,30,129
31010,CAN,song,D,6,am,2008,4,10,32,136
166584,CAN,call,A,6,am,2014,2,8,34,135
272302,CAN,call,B,6,am,2015,2,10,83,145
216516,CAN,call,B,6,am,2014,2,2,41,137
216509,CAN,call,B,6,am,2014,2,2,32,136
243587,CAN,call,A,7,am,2015,3,13,85,133
237821,CAN,song,C,10,am,2015,4,28,24,124
301714,CAN,call,B,18,pm,2016,1,29,32,134
301715,CAN,call,C,18,pm,2016,1,29,22,136
306856,CAN,call,B,18,pm,2016,3,12,33,135
358026,CAN,call,B,18,pm,2017,3,5,30,146
217781,CAN,call,D,18,pm,2015,2,8,43,124
358027,CAN,call,A,18,pm,2017,3,5,76,151
217792,CAN,call,C,18,pm,2015,2,8,31,134
217801,CAN,call,C,18,pm,2015,2,8,64,157
360916,CAN,call,A,18,pm,2017,3,22,52,168
217815,CAN,call,A,18,pm,2015,2,8,32,136
358052,CAN,call,B,18,pm,2017,3,5,26,141
217817,CAN,call,B,18,pm,2015,2,8,30,128
217829,CAN,call,B,18,pm,2015,2,8,59,77
31861,CAN,?,C,18,pm,2009,3,7,38,144
217832,CAN,call,B,18,pm,2015,2,8,30,144
217831,CAN,call,C,18,pm,2015,2,8,36,134
167153,CAN,song,B,18,pm,2014,2,7,30,139
362651,CAN,call,A,19,pm,2017,4,2,37,129
318915,CAN,call,B,19,pm,2015,3,28,33,137
45508,CAN,call,B,19,pm,2010,3,16,33,134
45509,CAN,song,C,19,pm,2010,3,16,137,43
325432,CAN,call,A,19,pm,2016,5,13,142,99
312946,CAN,call,B,19,pm,2016,4,18,36,135
312954,CAN,call,D,19,pm,2016,4,18,71,145
75443,CAN,song,D,19,pm,2010,3,24,32,137
138054,CAN,?,B,19,pm,2013,3,11,36,140
129225,CAN,call,C,19,pm,2013,4,8,36,139
218671,CAN,call,A,20,pm,2015,3,20,25,146
96745,CAN,song,A,20,pm,2012,3,13,124,122
96744,CAN,song,A,20,pm,2012,3,13,44,158
96743,CAN,song,A,20,pm,2012,3,13,35,149
96741,CAN,song,A,20,pm,2012,3,13,58,157
370196,CAN,call,B,20,pm,2017,5,12,13,127
236020,CAN,call,C,20,pm,2015,4,14,32,135
404839,CAN,call,E,20,pm,2017,6,5,50,134
363105,CAN,song,A,20,pm,2017,4,5,32,148
171997,CAN,"""call, song""",B,20,pm,2014,3,26,138,109
171994,CAN,"""call, song""",B,20,pm,2014,3,26,36,124
171991,CAN,"""call, song""",B,20,pm,2014,3,26,38,135
93791,CAN,call,B,20,pm,2012,1,29,72,131
93789,CAN,call,B,20,pm,2012,1,29,53,94
93790,CAN,call,C,20,pm,2012,1,29,34,137
308295,CAN,"""call, song""",B,20,pm,2016,3,23,126,112
305888,CAN,call,A,20,pm,2011,5,25,41,125
133048,CAN,call,B,20,pm,2012,4,6,34,138
313736,CAN,song,A,20,pm,2016,4,22,35,136
309337,CAN,call,A,20,pm,2016,3,28,28,144
237375,CAN,song,A,20,pm,2015,4,25,76,159
77262,CAN,song,A,20,pm,2011,2,17,39,141
313737,CAN,song,B,20,pm,2016,4,22,63,147
134501,CAN,call,B,20,pm,2013,5,17,23,144
99969,CAN,call,B,20,pm,2012,4,27,26,149
15171,CAN,call,B,20,pm,2007,5,23,35,137
15173,CAN,call,B,20,pm,2007,5,23,38,139
51754,CAN,song,A,21,pm,2009,3,14,28,114
305896,CAN,call,C,21,pm,2011,5,25,75,140
306348,CAN,call,B,21,pm,2011,5,28,43,162
133923,CAN,call,B,21,pm,2013,5,16,32,138
78342,CAN,call,A,21,pm,2011,5,15,31,137
96742,CAN,song,D,20,pm,2012,3,13,24,135
51755,CAN,song,C,21,pm,2009,3,14,73,156
27256,CAR,call,B,6,am,2008,12,20,148,65
27259,CAR,call,C,6,am,2008,12,20,132,52
27254,CAR,call,C,6,am,2008,12,20,146,52
344102,CAR,call,A,7,am,2010,1,8,155,37
392005,CAR,call,A,7,am,2017,11,5,136,36
209947,CAR,call,B,7,am,2013,12,21,143,44
205464,CAR,call,D,7,am,2014,10,23,147,36
209669,CAR,call,A,7,am,2013,11,16,135,70
162716,CAR,call,A,7,am,2013,6,9,77,129
335836,CAR,call,A,8,am,1988,9,10,121,44
256980,CAR,call,A,8,am,2014,10,8,145,39
295504,CAR,call,B,8,am,2015,12,16,149,48
149180,CAR,call,C,8,am,2013,9,28,138,48
147774,CAR,call,C,8,am,2013,9,18,48,66
336144,CAR,call,D,8,am,2016,9,23,139,42
199143,CAR,call,E,8,am,2014,9,25,135,43
267497,CAR,call,A,9,am,2015,4,7,138,48
303832,CAR,call,B,9,am,2015,12,25,139,45
267498,CAR,call,B,9,am,2015,4,7,85,152
91295,CAR,call,B,9,am,2011,12,9,142,40
91294,CAR,call,B,9,am,2011,12,9,71,67
91293,CAR,call,B,9,am,2011,12,9,29,103
284667,CAR,call,C,9,am,2015,10,11,137,44
267499,CAR,call,C,9,am,2015,5,11,128,50
111932,CAR,call,C,9,am,2012,10,22,67,140
88610,CAR,call,D,9,am,2011,10,14,141,56
197379,CAR,call,A,9,am,2014,4,17,42,34
197378,CAR,song,A,9,am,2014,4,17,119,58
386671,CAR,call,D,9,am,2017,9,18,123,27
24785,CAR,call,B,9,am,2008,11,29,73,158
345088,CAR,call,B,9,am,2016,12,4,143,49
405185,CAR,song,C,9,am,2016,6,6,141,41
389842,CAR,call,D,9,am,2017,10,15,128,47
334375,CAR,call,A,9,am,2016,9,11,116,23
390051,CAR,call,B,10,am,2017,10,15,149,49
367477,CAR,"""call, song""",B,10,am,2017,5,2,142,47
338522,CAR,call,B,10,am,2016,10,15,136,32
113402,CAR,call,B,10,am,2012,7,1,146,26
61960,CAR,call,B,10,am,2010,8,6,140,43
61959,CAR,call,B,10,am,2010,8,6,128,115
338163,CAR,call,C,10,am,2016,10,15,147,52
199204,CAR,call,C,10,am,2014,10,17,137,46
65137,CAR,call,C,10,am,2010,11,7,140,43
113403,CAR,song,B,10,am,2012,7,1,86,132
91419,CAR,call,B,10,am,2011,12,13,140,38
149851,CAR,call,A,10,am,2013,5,13,140,43
338521,CAR,call,B,10,am,2016,10,15,91,125
321515,CAR,call,C,10,am,2014,10,11,140,42
337676,CAR,call,B,10,am,2016,10,1,82,157
340347,CAR,call,A,10,am,2016,10,22,136,36
306883,CAR,call,A,10,am,2015,10,19,134,39
152409,CAR,call,C,10,am,2013,10,21,152,36
114327,CAR,call,C,10,am,2012,12,9,139,43
397439,CAR,call,no score,11,am,2017,11,4,137,158
395909,CAR,call,A,11,am,2017,12,12,139,49
380344,CAR,call,B,11,am,2017,5,12,91,140
380150,CAR,song,B,11,am,2017,5,12,28,137
367479,CAR,"""call, song""",B,11,am,2017,5,2,158,13
344100,CAR,call,B,11,am,2015,12,2,137,29
329257,CAR,call,B,11,am,2016,6,19,147,38
142690,CAR,call,C,11,am,2005,10,9,136,46
97418,CAR,call,A,11,am,2012,1,8,56,123
158454,CAR,call,C,11,am,2013,12,5,148,155
166440,CAR,call,D,11,am,2005,10,9,32,137
198897,CAR,call,B,12,pm,2013,11,2,131,59
175348,CAR,call,B,12,pm,2014,4,19,49,62
386506,CAR,call,E,12,pm,2017,9,16,144,131
392818,CAR,call,B,12,pm,2014,12,14,67,166
397437,CAR,call,no score,13,pm,2017,10,31,138,46
397429,CAR,call,no score,13,pm,2017,11,2,138,46
338753,CAR,call,C,13,pm,2016,10,14,140,41
338754,CAR,call,D,13,pm,2016,10,14,119,53
395981,CAR,call,C,14,pm,2017,12,12,129,48
356568,CAR,call,A,15,pm,2017,2,23,145,51
180593,CAR,call,E,15,pm,2013,10,13,141,41
91296,CAR,call,C,15,pm,2011,12,4,157,152
91298,CAR,call,B,15,pm,2011,12,4,147,59
91297,CAR,call,C,15,pm,2011,12,4,45,64
91303,CAR,call,B,15,pm,2011,12,4,135,44
91299,CAR,call,B,15,pm,2011,12,3,140,62
91300,CAR,call,B,15,pm,2011,12,3,121,44
91301,CAR,call,C,15,pm,2011,12,3,142,54
391081,CAR,call,C,15,pm,2017,10,28,107,106
391080,CAR,call,C,15,pm,2017,10,28,138,44
358132,CAR,call,C,15,pm,2017,2,1,141,43
358383,CAR,call,B,16,pm,2016,6,2,136,38
357183,CAR,call,B,16,pm,2017,2,26,146,46
328304,CAR,call,C,16,pm,2016,2,26,131,39
112478,CAR,call,C,16,pm,2012,10,26,138,40
306366,CAR,call,A,17,pm,2016,3,5,78,84
61943,CAR,call,A,17,pm,2010,7,31,135,43
61944,CAR,call,B,17,pm,2010,7,31,137,45
390542,CAR,call,C,17,pm,2017,10,22,134,52
391082,CAR,call,B,18,pm,2017,10,28,167,22
405209,CAR,call,A,19,pm,2016,6,20,138,44
405206,CAR,call,B,19,pm,2016,6,20,136,40
374320,DAR,call,A,0,am,2017,5,27,58,141
388296,DAR,song,A,5,am,2017,9,30,78,136
264941,DAR,call,A,5,am,2014,6,2,57,125
344328,DAR,song,A,5,am,2016,5,5,76,138
344330,DAR,song,A,5,am,2016,5,5,132,115
384539,DAR,"""call, song""",A,5,am,2017,8,5,36,61
405192,DAR,song,A,5,am,2017,4,18,41,66
388295,DAR,song,A,6,am,2017,9,30,39,56
240216,DAR,song,A,6,am,2015,4,28,136,39
240215,DAR,song,A,6,am,2015,4,28,70,154
384567,DAR,song,A,6,am,2017,4,14,71,139
376476,DAR,call,A,6,am,2017,6,18,39,63
373844,DAR,call,A,6,am,2017,6,5,57,76
352024,DAR,call,A,6,am,2016,12,29,41,59
344336,DAR,call,A,6,am,2016,5,7,14,147
209059,DAR,song,A,6,am,2014,5,1,58,160
405292,DAR,song,A,6,am,2017,4,17,37,74
405293,DAR,song,A,6,am,2017,4,17,63,81
344319,DAR,"""call, song""",A,6,am,2016,3,12,22,73
383292,DAR,call,A,7,am,2017,8,5,30,81
349815,DAR,song,A,7,am,2007,6,30,128,43
349814,DAR,song,A,7,am,2007,5,20,85,127
253313,DAR,song,A,7,am,2015,6,21,57,151
236834,DAR,"""call, song""",A,7,am,2015,4,19,59,154
236476,DAR,"""call, song""",A,7,am,2015,4,18,72,139
239375,DAR,"""call, song""",A,7,am,2015,4,28,72,134
384488,DAR,"""call, song""",A,7,am,2017,3,26,59,146
384490,DAR,call,A,7,am,2017,3,26,69,140
377232,DAR,song,A,7,am,2017,3,3,41,64
351547,DAR,song,A,7,am,2017,1,20,132,109
376566,DAR,call,A,7,am,2017,6,17,40,61
374569,DAR,call,A,7,am,2017,4,28,36,58
381853,DAR,call,A,8,am,2017,7,29,136,39
358971,DAR,call,A,8,am,2017,3,11,108,139
382524,DAR,call,A,8,am,2017,7,26,97,125
281738,DAR,song,A,8,am,2007,2,4,144,158
192305,DAR,"""call, song""",A,8,am,2014,4,24,69,158
192306,DAR,"""call, song""",A,8,am,2014,4,24,78,149
405237,DAR,song,A,8,am,2017,4,8,40,56
281739,DAR,song,A,8,am,2007,2,4,83,136
237290,DAR,call,A,8,am,2015,4,25,72,151
237289,DAR,call,A,8,am,2015,4,25,84,153
396464,DAR,call,A,9,am,2017,12,10,42,68
385838,DAR,call,A,9,am,2015,6,12,81,139
379470,DAR,"""call, song""",A,9,am,2017,7,3,39,66
233433,DAR,"""call, song""",A,9,am,1999,1,6,69,157
390512,DAR,call,A,9,am,2017,10,22,43,68
356114,DAR,call,A,9,am,2017,2,18,39,61
403458,DAR,call,A,10,am,2018,2,24,42,60
388579,DAR,call,A,10,am,2017,9,23,138,44
245732,DAR,song,A,10,am,2015,5,24,91,142
324840,DAR,"""call, song""",A,10,am,2016,6,25,82,135
364541,DAR,call,A,10,am,2016,9,24,24,132
380358,DAR,"""call, song""",A,10,am,2017,6,4,43,63
364247,DAR,"""call, song""",A,11,am,2017,3,24,40,62
246976,DAR,?,A,11,am,2015,5,19,75,158
400941,DAR,song,A,11,am,2018,1,4,140,150
215043,DAR,call,A,11,am,2015,2,28,73,139
325709,DAR,"""call, song""",A,11,am,2015,2,22,65,77
325716,DAR,song,A,11,am,2015,4,6,70,180
402355,DAR,call,A,12,pm,2018,2,9,62,75
402356,DAR,call,A,12,pm,2018,2,9,69,149
402357,DAR,call,A,12,pm,2018,2,9,74,149
383533,DAR,call,A,12,pm,2016,10,2,124,124
404159,DAR,call,A,13,pm,2018,1,27,12,136
367543,DAR,call,A,13,pm,2017,5,3,24,72
402159,DAR,call,A,13,pm,2018,2,7,54,73
197467,DAR,call,A,13,pm,2014,7,28,78,148
392775,DAR,call,A,14,pm,2016,1,8,139,49
303718,DAR,call,A,14,pm,2016,2,7,77,141
383538,DAR,song,A,14,pm,2017,1,25,138,118
392772,DAR,call,A,14,pm,2014,4,21,28,69
210466,DAR,song,A,15,pm,2015,1,17,73,151
208395,DAR,call,A,15,pm,2014,4,16,56,153
210486,DAR,call,A,15,pm,2015,1,17,73,157
381202,DAR,call,A,16,pm,2017,4,11,63,79
344302,DAR,call,A,16,pm,2015,6,7,47,63
194222,DAR,call,A,17,pm,2003,6,18,69,159
344306,DAR,call,A,17,pm,2015,6,7,38,59
361303,DAR,call,A,18,pm,2017,3,25,37,73
377560,DAR,call,A,20,pm,2017,6,27,37,73
377559,DAR,call,A,20,pm,2017,6,27,46,63
281740,DAR,call,A,20,pm,2007,5,12,78,135
179719,EAS,song,B,4,am,2014,5,24,84,128
244579,EAS,song,B,5,am,2015,5,16,85,131
178126,EAS,song,A,5,am,2014,5,11,32,141
179720,EAS,call,A,5,am,2014,5,24,84,121
57258,EAS,song,A,5,am,2010,6,7,55,68
370485,EAS,song,A,5,am,2017,5,12,29,138
49875,EAS,song,A,5,am,2010,5,6,81,115
314951,EAS,song,no score,6,am,2016,4,19,80,126
388696,EAS,song,A,6,am,2016,4,30,121,127
99547,EAS,song,B,6,am,2012,4,15,50,65
132866,EAS,song,A,6,am,2013,5,6,142,154
184378,EAS,song,B,6,am,2012,5,17,89,127
137102,EAS,call,D,6,am,2012,6,4,69,140
376069,EAS,song,A,7,am,2017,6,6,87,131
165234,EAS,call,B,7,am,2014,1,22,83,130
184379,EAS,call,B,7,am,2013,11,16,70,140
184376,EAS,call,no score,7,am,2014,4,11,70,154
184377,EAS,call,B,7,am,2014,4,12,80,130
100556,EAS,song,B,7,am,2012,5,4,83,126
100555,EAS,song,B,7,am,2012,5,4,84,132
124445,EAS,song,C,7,am,2005,12,15,86,132
100108,EAS,call,C,7,am,2012,4,30,60,114
344645,EAS,call,B,7,am,2016,11,29,82,132
160470,EAS,song,B,7,am,2013,5,18,123,108
355083,EAS,call,no score,8,am,2017,2,5,92,132
317839,EAS,call,no score,8,am,2016,5,22,85,133
170055,EAS,song,B,8,am,2014,3,15,88,129
344280,EAS,call,A,8,am,2016,11,27,31,134
318747,EAS,call,A,8,am,2016,5,22,93,129
316236,EAS,song,A,8,am,2015,4,11,94,132
302533,EAS,"""call, song""",B,8,am,2016,2,6,57,88
182331,EAS,song,B,8,am,2002,4,30,46,56
161099,EAS,"""call, song""",A,8,am,2013,12,5,85,124
111143,EAS,song,B,9,am,2012,10,13,100,139
111142,EAS,song,B,9,am,2012,10,13,155,156
111141,EAS,song,B,9,am,2012,10,13,85,132
296933,EAS,call,C,9,am,2015,12,20,83,131
99544,EAS,call,A,9,am,2012,3,30,40,141
10175,EAS,song,A,9,am,2006,5,14,152,165
173954,EAS,song,A,9,am,2014,4,12,127,119
278231,EAS,song,B,9,am,2015,5,18,118,118
278232,EAS,song,C,9,am,2015,5,18,90,137
179848,EAS,song,B,9,am,2014,5,24,92,134
150242,EAS,song,B,9,am,2013,10,8,88,124
134509,EAS,call,B,9,am,2013,5,19,89,127
385024,EAS,song,A,10,am,2017,5,11,65,90
137100,EAS,call,C,10,am,2011,5,13,94,138
376425,EAS,song,A,10,am,2017,6,18,47,36
363519,EAS,call,A,10,am,2017,4,8,93,139
52453,EAS,call,B,10,am,2009,6,0,84,132
52451,EAS,song,B,10,am,2008,5,11,159,152
208942,EAS,song,B,10,am,2014,11,26,77,129
396262,EAS,song,C,10,am,2017,12,17,147,157
14858,EAS,"""call, song""",A,10,am,2007,4,20,86,114
14857,EAS,"""call, song""",A,10,am,2007,4,20,136,100
14856,EAS,call,A,10,am,2007,4,20,82,119
138039,EAS,song,B,11,am,2013,6,11,86,131
354815,EAS,call,A,11,am,2017,1,15,93,129
373508,EAS,song,B,11,am,2017,5,3,91,119
103279,EAS,song,C,11,am,2012,6,4,85,133
103278,EAS,song,C,11,am,2012,6,4,34,138
368084,EAS,song,C,11,am,2013,6,21,83,133
308402,EAS,song,A,12,pm,2016,3,22,71,114
176000,EAS,song,B,12,pm,2014,4,15,84,130
151543,EAS,call,C,13,pm,2013,10,16,85,128
286376,EAS,call,C,14,pm,2015,10,15,37,115
149935,EAS,call,D,14,pm,2013,10,6,69,139
378993,EAS,call,A,14,pm,2017,7,3,86,123
158055,EAS,call,B,14,pm,2013,12,15,69,61
191964,EAS,song,B,14,pm,2012,3,28,87,128
235428,EAS,song,C,15,pm,2015,4,12,85,127
137101,EAS,song,C,16,pm,2011,7,20,79,156
137835,EAS,call,C,16,pm,2013,6,8,39,112
5130,EAS,call,B,17,pm,2005,12,30,87,132
313354,EAS,song,B,17,pm,2016,4,20,137,120
375493,EAS,call,A,18,pm,2017,5,17,85,131
310072,EAS,call,B,18,pm,2016,3,30,78,129
316544,EAS,call,C,19,pm,2016,5,12,84,130
321819,EAS,song,B,19,pm,2016,6,9,84,128
323217,EAS,song,no score,20,pm,2016,6,19,84,123
124070,EAS,call,B,21,pm,2012,10,28,87,133
387945,GRE,song,B,6,am,2017,9,3,86,130
81030,GRE,?,B,6,am,2002,11,20,59,64
14729,GRE,?,B,6,am,2006,11,30,27,138
389129,GRE,song,no score,6,am,2014,10,28,35,61
299610,GRE,song,no score,6,am,2011,7,21,141,45
299147,GRE,song,no score,6,am,2011,8,31,151,169
286369,GRE,song,no score,6,am,2015,10,20,68,152
110826,GRE,call,B,6,am,2012,10,10,59,63
205977,GRE,song,A,6,am,2014,1,31,62,66
358825,GRE,song,A,6,am,2016,9,25,85,133
221674,GRE,song,A,6,am,2004,7,28,59,77
221673,GRE,song,A,6,am,2004,7,28,37,69
299158,GRE,song,no score,7,am,2011,8,31,60,64
278068,GRE,song,no score,7,am,2015,9,6,149,155
221676,GRE,song,A,7,am,2004,7,28,126,25
221675,GRE,song,A,7,am,2004,7,28,54,68
196407,GRE,song,A,7,am,2014,9,3,83,131
81027,GRE,?,A,7,am,1999,6,28,88,143
17578,GRE,song,A,7,am,2005,4,16,58,65
290233,GRE,song,B,7,am,1998,3,22,65,75
206678,GRE,song,A,7,am,2014,8,6,54,72
72980,GRE,song,B,7,am,2010,8,30,32,126
389469,GRE,song,no score,7,am,2014,3,22,64,70
143234,GRE,song,A,7,am,2013,7,14,54,81
141683,GRE,song,B,7,am,2011,8,6,53,67
115916,GRE,song,B,7,am,2011,10,1,55,67
62671,GRE,song,A,7,am,2010,9,22,59,78
77917,GRE,song,A,7,am,2011,5,8,62,66
241793,GRE,song,A,7,am,2014,8,30,73,61
210152,GRE,song,A,8,am,2014,12,14,62,67
142719,GRE,song,A,8,am,2012,8,20,57,78
396419,GRE,song,B,8,am,2017,11,12,63,66
145503,GRE,song,B,8,am,2006,1,16,53,69
11743,GRE,song,B,8,am,2007,3,17,27,147
393881,GRE,call,C,8,am,2017,11,20,32,135
187193,GRE,song,A,8,am,2013,9,28,146,23
62446,GRE,song,A,8,am,2010,8,31,18,140
11825,GRE,song,B,8,am,2006,9,12,27,146
359165,GRE,song,no score,8,am,2017,3,11,75,151
340294,GRE,song,A,8,am,2016,10,26,72,136
334189,GRE,call,A,8,am,2016,9,9,54,70
268894,GRE,song,A,8,am,2015,8,17,133,38
388441,GRE,song,B,8,am,2017,9,29,90,134
388119,GRE,song,B,8,am,2017,9,10,81,147
158748,GRE,song,B,8,am,2013,12,19,138,44
154345,GRE,song,B,8,am,2012,12,30,143,163
4598,GRE,song,B,8,am,2004,8,16,12,139
128416,GRE,song,C,8,am,2010,6,6,145,27
174492,GRE,song,A,8,am,2011,5,24,57,76
283150,GRE,song,A,8,am,2002,11,20,123,127
15832,GRE,call,D,8,am,2007,8,8,26,147
283151,GRE,song,A,8,am,2002,11,20,136,168
70075,GRE,song,B,8,am,2006,3,12,40,145
11415,GRE,?,B,8,am,2007,1,23,32,127
22520,GRE,song,B,8,am,2008,7,15,35,148
174547,GRE,"""call, song""",A,9,am,2013,8,15,51,149
115450,GRE,song,A,9,am,2012,10,4,69,62
403198,GRE,song,B,9,am,2017,11,5,51,68
75570,GRE,call,A,9,am,2011,2,17,73,139
385715,GRE,song,B,9,am,2013,6,30,140,96
36909,GRE,song,A,9,am,2009,7,15,91,131
173336,GRE,song,B,10,am,2013,4,26,86,131
8176,GRE,song,B,10,am,2006,10,24,41,145
312884,GRE,song,no score,10,am,2016,4,16,69,149
244251,GRE,song,B,10,am,2014,11,8,23,141
319588,GRE,song,A,11,am,2016,5,7,71,143
234763,GRE,song,no score,13,pm,2014,2,25,42,58
144004,GRE,song,A,14,pm,2013,7,29,72,65
170248,GRE,song,A,17,pm,2014,3,16,144,60
139847,LES,call,B,0,am,2013,6,23,76,47
42584,LES,call,A,5,am,2009,6,20,88,57
343848,LES,call,A,6,am,2016,7,30,78,45
183593,LES,call,A,6,am,2014,6,24,153,109
312712,LES,call,B,6,am,2016,4,17,79,53
153027,LES,call,B,6,am,2013,6,26,82,51
11721,LES,call,C,6,am,2006,7,20,64,60
154791,LES,call,E,6,am,2013,6,5,152,109
160323,LES,call,B,6,am,2013,5,5,81,53
321383,LES,"""call, song""",A,6,am,2016,6,10,57,58
377860,LES,call,B,6,am,2000,6,11,67,94
160292,LES,call,B,6,am,2013,5,4,142,58
159404,LES,call,B,6,am,2012,9,1,79,68
377861,LES,call,B,6,am,2000,6,11,75,54
160493,LES,call,A,6,am,2013,5,19,112,61
160294,LES,call,B,6,am,2013,5,4,84,46
220910,LES,call,B,7,am,1998,3,20,80,52
81078,LES,song,B,7,am,2011,6,8,124,77
393734,LES,call,A,7,am,2017,6,24,47,114
103452,LES,call,B,7,am,2012,5,6,80,54
160500,LES,call,A,7,am,2013,5,19,81,53
129073,LES,call,B,7,am,2013,4,7,81,47
320102,LES,call,A,7,am,2016,6,3,75,69
59951,LES,call,A,7,am,2010,7,28,140,96
59950,LES,call,B,7,am,2010,7,28,85,51
59949,LES,call,B,7,am,2010,7,28,81,53
59948,LES,call,B,7,am,2010,7,28,81,49
212929,LES,call,A,7,am,2015,2,8,90,37
323533,LES,call,A,8,am,2016,6,21,86,63
322772,LES,call,A,8,am,2016,6,19,141,113
323534,LES,call,B,8,am,2016,6,21,78,58
312747,LES,call,B,8,am,2016,4,16,143,67
165080,LES,call,B,8,am,2014,1,18,155,108
220905,LES,call,A,8,am,2007,2,18,77,50
160339,LES,call,A,8,am,2013,5,5,92,44
169201,LES,call,B,8,am,2014,2,25,84,43
398815,LES,call,B,8,am,2018,1,7,77,49
399993,LES,"""call, song""",C,8,am,2018,1,21,81,39
169196,LES,call,A,8,am,2014,3,1,73,62
169200,LES,call,B,8,am,2014,2,25,85,57
169198,LES,call,B,8,am,2014,3,1,76,89
169202,LES,call,A,8,am,2014,2,25,125,75
169205,LES,call,A,8,am,2014,3,1,75,50
169204,LES,call,A,8,am,2014,3,1,78,58
147349,LES,call,B,8,am,2013,8,25,78,44
102212,LES,call,B,8,am,2012,5,27,75,101
164564,LES,call,A,8,am,2014,1,11,76,53
169203,LES,call,A,8,am,2014,2,25,152,106
357658,LES,call,A,8,am,2017,2,13,82,68
361296,LES,call,no score,9,am,2017,3,25,92,33
388612,LES,call,A,9,am,2015,9,23,80,56
29509,LES,call,A,9,am,2008,5,30,87,38
388613,LES,call,B,9,am,2015,9,23,80,50
220907,LES,call,B,9,am,2003,4,19,85,52
181058,LES,call,B,9,am,2014,4,12,126,71
164630,LES,call,B,9,am,2014,1,12,70,60
148697,LES,call,B,9,am,2012,11,25,69,53
56424,LES,call,B,9,am,2008,4,7,54,150
161306,LES,call,A,9,am,2013,11,7,163,114
318018,LES,call,B,9,am,2016,5,2,143,65
357662,LES,call,B,9,am,2017,2,13,85,36
406225,LES,call,B,9,am,2018,3,16,79,53
62728,LES,call,B,9,am,2010,9,26,73,54
388615,LES,call,B,9,am,2015,9,23,149,105
210719,LES,call,B,9,am,1990,2,12,79,64
97354,LES,call,B,9,am,2012,3,25,61,41
129365,LES,call,D,9,am,2000,10,14,151,109
357666,LES,call,A,9,am,2017,2,13,145,105
352547,LES,call,A,9,am,2015,4,13,158,82
321767,LES,call,A,9,am,2015,5,17,63,53
302410,LES,call,A,10,am,2014,6,4,72,53
302409,LES,call,A,10,am,2014,6,4,70,108
253361,LES,call,A,10,am,2015,6,21,82,57
172443,LES,call,B,10,am,2013,4,5,55,103
95719,LES,call,B,10,am,2008,8,4,70,47
371803,LES,call,A,10,am,2017,5,15,147,91
204242,LES,call,B,10,am,2014,11,28,83,58
139866,LES,call,B,10,am,2013,5,27,81,43
103966,LES,call,B,10,am,2012,6,17,83,53
103965,LES,call,B,10,am,2012,6,17,65,57
251993,LES,call,A,11,am,2013,11,10,67,60
34783,LES,call,A,11,am,2008,5,28,87,60
34782,LES,call,A,11,am,2008,5,28,142,88
56422,LES,call,C,11,am,2008,5,3,161,93
56420,LES,song,C,11,am,2008,5,3,78,50
190805,LES,call,B,11,am,2014,8,13,79,46
389973,LES,call,A,11,am,2016,4,27,152,106
293298,LES,call,A,11,am,2015,12,1,86,61
95718,LES,call,B,11,am,2005,10,4,147,106
95717,LES,call,B,11,am,2004,8,4,91,45
173541,LES,call,B,12,pm,2012,4,30,140,67
143721,LES,call,B,12,pm,2013,7,7,51,38
398883,LES,song,C,12,pm,2017,12,30,85,51
160794,LES,call,A,12,pm,2013,6,17,145,96
233794,LES,call,C,12,pm,2015,3,31,152,95
109316,LES,call,A,12,pm,2012,9,4,72,69
220908,LES,call,B,12,pm,2003,4,18,88,50
173549,LES,call,C,12,pm,2012,5,2,87,46
110105,LES,call,A,13,pm,2012,6,8,31,111
173551,LES,song,B,13,pm,2012,5,14,72,55
386100,LES,call,no score,13,pm,2017,5,19,148,105
138333,LES,call,C,13,pm,2013,5,12,84,55
234162,LES,call,C,14,pm,2015,4,3,82,53
128235,LES,call,B,15,pm,2013,4,1,87,53
128228,LES,call,B,15,pm,2013,4,1,85,57
34862,LES,call,A,15,pm,2009,5,24,75,48
95725,LES,call,B,15,pm,2011,6,24,146,98
149942,LES,call,A,15,pm,2013,10,5,76,46
105256,LES,call,B,16,pm,2012,4,3,50,47
172489,LES,call,A,16,pm,2013,5,13,121,72
281906,LES,call,C,16,pm,2015,9,18,60,77
281905,LES,call,D,16,pm,2015,9,18,52,141
177796,LES,call,B,16,pm,2014,5,9,69,92
95722,LES,call,B,16,pm,2009,8,5,67,57
95720,LES,call,B,16,pm,2009,8,5,65,104
95723,LES,call,B,16,pm,2009,8,5,45,110
95724,LES,call,B,16,pm,2009,8,5,84,50
316533,LES,call,A,17,pm,2016,5,14,92,44
220909,LES,call,B,17,pm,2003,4,18,121,85
173992,LES,call,B,17,pm,2014,4,6,86,51
170706,LES,call,B,17,pm,2014,3,22,83,60
318822,LES,call,A,17,pm,2016,5,12,91,52
385127,LES,call,A,17,pm,2017,9,2,78,54
173884,LES,call,A,17,pm,2014,4,10,66,158
329010,LES,call,B,17,pm,2016,6,4,138,69
234990,LES,call,B,18,pm,2015,4,9,142,112
21391,LES,call,B,18,pm,2007,3,16,81,52
255699,LES,call,C,18,pm,2015,7,7,121,79
197938,LES,call,A,18,pm,2014,9,28,92,47
159950,LES,call,B,18,pm,2013,2,17,41,107
160790,LES,call,B,18,pm,2013,6,16,77,35
76499,LES,call,A,18,pm,2011,4,23,65,76
235014,LES,call,C,19,pm,2015,4,7,76,57
138711,LES,call,B,19,pm,2013,6,17,146,100
160035,LES,call,A,20,pm,2013,3,22,150,86
336335,LES,call,A,21,pm,2016,9,6,143,93
308144,LES,call,C,21,pm,2016,3,16,50,100
143640,LES,call,C,22,pm,2013,5,20,83,49
293867,LES,call,no score,23,pm,2015,6,8,77,59
152344,LES,call,C,23,pm,2013,6,4,137,94
305015,ORA,call,A,0,am,2015,4,12,68,46
15185,ORA,song,B,5,am,2007,5,6,108,81
244585,ORA,call,B,6,am,2013,4,16,53,48
29512,ORA,song,B,6,am,2008,6,20,64,150
370491,ORA,song,A,6,am,2017,5,12,98,61
137541,ORA,song,C,6,am,2013,6,6,125,80
375653,ORA,song,no score,6,am,2017,6,10,130,70
375008,ORA,"""call, song""",A,6,am,2017,6,6,62,45
163254,ORA,song,B,6,am,2013,6,2,55,49
137054,ORA,"""call, song""",B,6,am,2013,6,4,60,49
343931,ORA,song,B,6,am,2016,4,25,121,71
343932,ORA,song,B,6,am,2016,4,25,124,78
321528,ORA,call,C,6,am,2016,5,25,48,28
376462,ORA,call,no score,7,am,2017,6,21,45,55
333285,ORA,call,A,7,am,2016,9,4,34,103
168045,ORA,"""call, song""",B,7,am,2012,4,1,126,78
196755,ORA,call,A,7,am,2014,9,18,45,107
54456,ORA,song,B,7,am,2010,5,12,59,33
138489,ORA,song,C,7,am,2013,6,15,128,64
313625,ORA,call,B,7,am,2016,4,24,128,77
168013,ORA,call,B,7,am,2007,4,26,91,60
168012,ORA,call,B,7,am,2009,2,8,52,148
168011,ORA,"""call, song""",B,7,am,2012,3,12,69,49
168010,ORA,"""call, song""",B,7,am,2013,2,16,45,56
168009,ORA,song,B,7,am,2013,2,16,122,69
168008,ORA,song,B,7,am,2013,2,16,44,54
168007,ORA,song,B,7,am,2012,3,25,51,149
370944,ORA,song,A,7,am,2017,5,13,97,41
312729,ORA,"""call, song""",B,7,am,2016,4,16,117,74
174397,ORA,"""call, song""",A,7,am,2014,3,15,61,31
143797,ORA,song,B,7,am,2013,7,7,128,68
362328,ORA,call,A,8,am,2017,3,31,122,76
322769,ORA,call,A,8,am,2016,6,19,95,55
306851,ORA,call,A,8,am,2016,3,13,115,74
168057,ORA,call,A,8,am,2008,12,28,124,75
370005,ORA,call,B,8,am,2017,3,8,63,14
356765,ORA,song,B,8,am,2017,2,25,60,41
287347,ORA,call,B,8,am,2015,10,12,125,77
287345,ORA,call,B,8,am,2015,10,12,77,44
168056,ORA,call,B,8,am,2008,12,28,65,43
168055,ORA,song,B,8,am,2009,4,27,128,63
168006,ORA,song,B,8,am,2009,5,11,115,70
87749,ORA,call,B,8,am,2011,9,28,69,51
15184,ORA,song,A,8,am,2007,3,27,121,77
145940,ORA,"""call, song""",B,8,am,2013,8,1,77,37
145941,ORA,call,A,8,am,2013,8,1,56,41
101903,ORA,song,B,8,am,2012,5,16,71,108
164758,ORA,call,A,8,am,2014,1,14,66,37
312725,ORA,call,A,8,am,2016,4,16,55,152
287307,ORA,call,B,8,am,2015,10,11,56,50
312728,ORA,call,B,8,am,2016,4,16,63,30
145938,ORA,call,A,8,am,2013,8,9,59,50
312726,ORA,call,B,8,am,2016,4,16,59,64
145939,ORA,call,C,8,am,2013,8,9,121,69
318897,ORA,song,A,8,am,2016,5,25,62,41
397019,ORA,call,B,8,am,2017,12,23,114,56
370056,ORA,song,B,8,am,2017,3,8,114,80
316238,ORA,call,B,8,am,2015,4,11,53,42
313505,ORA,song,B,8,am,2016,4,23,61,41
168041,ORA,song,B,8,am,2007,4,26,123,70
168037,ORA,song,B,8,am,2014,2,1,60,40
168014,ORA,call,B,8,am,2007,3,31,118,93
388705,ORA,call,C,8,am,2016,2,13,54,17
304166,ORA,call,C,8,am,2016,2,20,55,34
42452,ORA,"""call, song""",B,8,am,2009,6,3,138,110
174398,ORA,song,B,8,am,2014,3,16,120,73
316284,ORA,song,A,8,am,2016,5,1,56,38
316285,ORA,song,A,8,am,2016,5,1,50,29
71462,ORA,scold,D,8,am,2011,2,9,57,46
33585,ORA,song,A,8,am,2009,4,27,124,80
18383,ORA,song,A,8,am,2008,3,9,70,39
388598,ORA,call,A,9,am,2015,9,8,45,55
313159,ORA,song,A,9,am,2016,3,20,59,47
308401,ORA,call,A,9,am,2016,3,23,104,80
360933,ORA,song,B,9,am,2017,2,19,114,80
356775,ORA,song,B,9,am,2017,2,25,112,65
351543,ORA,song,B,9,am,2017,1,20,113,72
325166,ORA,song,B,9,am,2013,4,8,63,49
233656,ORA,song,B,9,am,2015,3,29,78,21
168053,ORA,call,B,9,am,2008,1,5,119,67
168051,ORA,"""call, song""",B,9,am,2009,3,9,123,84
168047,ORA,song,B,9,am,2010,3,6,57,42
327787,ORA,call,C,9,am,2016,7,11,61,41
254693,ORA,call,C,9,am,2015,5,20,128,80
243409,ORA,song,C,9,am,2015,5,13,62,42
163252,ORA,"""call, song""",D,9,am,2013,4,16,110,69
141477,ORA,call,D,9,am,2013,4,8,94,49
363065,ORA,call,A,9,am,2017,4,5,121,71
391655,ORA,call,B,9,am,2017,10,19,62,42
388720,ORA,call,B,9,am,2017,4,4,123,77
324975,ORA,call,B,9,am,2016,6,29,67,53
180289,ORA,call,B,9,am,2014,2,24,58,54
168054,ORA,call,B,9,am,2007,6,24,90,64
89187,ORA,call,B,9,am,2011,10,5,65,34
170060,ORA,call,B,9,am,2014,3,16,59,42
192728,ORA,"""call, song""",B,9,am,2014,4,12,124,72
169265,ORA,call,B,9,am,2014,3,4,135,54
360979,ORA,call,no score,9,am,2017,1,18,56,39
360978,ORA,call,no score,10,am,2017,1,18,124,67
348110,ORA,song,A,10,am,2016,12,27,54,52
309396,ORA,call,A,10,am,2016,3,15,64,77
59158,ORA,song,A,10,am,2010,5,8,82,33
52353,ORA,song,A,10,am,2010,5,23,122,69
52352,ORA,song,A,10,am,2010,5,23,127,75
382862,ORA,song,B,10,am,2017,7,25,58,40
380308,ORA,song,B,10,am,2017,7,18,108,70
327793,ORA,call,B,10,am,2016,7,11,57,29
310901,ORA,call,B,10,am,2016,4,5,47,44
310900,ORA,call,B,10,am,2016,4,5,54,44
282285,ORA,call,B,10,am,2015,3,13,48,31
282284,ORA,call,B,10,am,2015,3,13,55,42
282283,ORA,call,B,10,am,2015,3,13,123,75
305160,ORA,song,C,10,am,2016,2,28,132,66
163249,ORA,call,C,10,am,2012,12,26,105,77
349426,ORA,call,D,10,am,2017,1,7,131,78
387175,ORA,song,B,10,am,2017,8,30,66,55
269616,ORA,call,B,10,am,2015,7,5,61,35
313674,ORA,song,D,10,am,2016,4,22,55,38
167849,ORA,call,A,10,am,2014,2,17,124,56
310835,ORA,song,A,10,am,2015,5,22,120,83
368804,ORA,song,B,10,am,2017,5,10,54,147
240174,ORA,call,B,10,am,2015,4,4,61,31
391437,ORA,call,C,10,am,2017,10,19,65,58
308403,ORA,call,C,10,am,2016,3,22,119,77
163245,ORA,song,C,10,am,2012,5,20,124,78
97240,ORA,call,C,10,am,2012,3,22,48,55
236500,ORA,?,D,10,am,2015,4,18,120,77
387176,ORA,call,B,10,am,2017,8,30,64,43
18385,ORA,song,A,10,am,2008,3,9,124,74
33596,ORA,song,A,10,am,2009,4,26,68,38
138583,ORA,song,B,10,am,2013,6,16,39,31
372260,ORA,"""call, song""",B,11,am,2017,5,27,142,113
141164,ORA,call,B,11,am,2013,4,12,119,73
131068,ORA,song,B,11,am,2012,4,12,129,86
163236,ORA,song,C,11,am,2012,4,23,147,106
97374,ORA,"""call, song""",A,11,am,2012,3,25,119,72
70949,ORA,call,B,11,am,2011,1,30,110,78
70950,ORA,call,B,11,am,2011,1,30,70,49
78695,ORA,song,E,11,am,2011,5,25,68,54?
371490,ORA,call,B,11,am,2017,5,15,54,106
77286,ORA,song,B,11,am,2011,5,1,122,81
58467,ORA,"""call, song""",C,11,am,2010,7,18,127,64
101646,ORA,"""call, song""",A,11,am,2012,5,12,54,39
305136,ORA,song,A,12,pm,2016,2,28,66,44
254692,ORA,song,C,12,pm,2015,5,22,63,44
72805,ORA,call,B,12,pm,2011,3,0,95,62
100238,ORA,song,B,12,pm,2012,5,2,84,58
186455,ORA,call,C,12,pm,2014,7,10,116,95
184189,ORA,song,C,12,pm,2012,5,13,64,38
163246,ORA,call,E,12,pm,2012,10,12,67,54
29511,ORA,call,A,12,pm,2008,6,21,126,66
29510,ORA,"""call, song""",A,12,pm,2008,6,21,119,75
350299,ORA,"""call, song""",A,13,pm,2017,1,13,127,77
311712,ORA,call,A,13,pm,2016,3,19,61,41
174892,ORA,call,A,13,pm,2014,4,16,62,37
391445,ORA,call,B,13,pm,2017,10,19,121,76
351452,ORA,call,B,13,pm,2017,1,19,121,75
311713,ORA,call,B,13,pm,2016,3,19,59,44
297110,ORA,call,B,13,pm,2015,12,12,61,41
297109,ORA,call,B,13,pm,2015,12,12,61,45
131036,ORA,call,B,13,pm,2013,4,13,116,46
287365,ORA,call,C,13,pm,2015,10,22,120,87
163235,ORA,call,D,13,pm,2010,7,14,63,41
236017,ORA,call,A,13,pm,2015,4,15,132,76
233743,ORA,"""call, song""",C,13,pm,2015,3,31,65,51
172590,ORA,song,A,13,pm,2014,3,10,62,56
244588,ORA,call,B,13,pm,2013,4,19,124,69
244587,ORA,call,B,13,pm,2013,4,19,112,73
216382,ORA,song,B,13,pm,2015,3,10,64,49
287295,ORA,call,B,13,pm,2015,10,10,112,90
395423,ORA,call,A,14,pm,2017,1,21,62,41
239649,ORA,song,C,14,pm,2015,5,2,62,43
175788,ORA,call,B,14,pm,2014,4,18,60,33
385825,ORA,call,A,15,pm,2016,2,14,130,70
385824,ORA,call,A,15,pm,2016,2,14,56,39
299480,ORA,call,B,15,pm,2015,6,8,47,149
60068,ORA,call,A,15,pm,2010,8,8,124,77
405512,ORA,call,C,15,pm,2018,1,23,61,40
169186,ORA,call,B,16,pm,2014,3,8,59,46
299474,ORA,call,A,16,pm,2015,6,8,124,76
76984,ORA,call,C,16,pm,2011,4,22,119,73
163250,ORA,call,C,16,pm,2013,1,21,67,35
363521,ORA,song,B,17,pm,2017,4,8,34,45
310945,ORA,?,B,17,pm,2016,4,8,110,69
363522,ORA,song,B,17,pm,2017,4,8,109,47
234173,ORA,call,C,17,pm,2015,4,3,53,158
138137,ORA,call,C,18,pm,2013,6,9,70,32
15187,ORA,song,B,18,pm,2007,5,11,88,50
390595,ORA,song,B,18,pm,2017,5,27,141,113
15186,ORA,call,A,18,pm,2007,5,7,55,38
373495,ORA,call,B,18,pm,2017,4,17,65,36
373258,ORA,song,B,18,pm,2017,4,4,60,33
135702,ORA,call,B,18,pm,2013,5,20,129,75
282287,ORA,song,B,19,pm,2015,5,2,123,72
282286,ORA,song,B,19,pm,2015,5,2,123,76
383483,ORA,song,A,19,pm,2017,5,5,62,42
65820,ORD,song,B,4,am,2010,5,24,135,116
65819,ORD,song,B,4,am,2010,5,24,125,95
160606,ORD,song,B,4,am,2013,5,28,142,113
184629,ORD,song,A,4,am,2014,5,10,139,111
325438,ORD,song,no score,4,am,2016,5,14,158,125
157341,ORD,song,D,5,am,2013,5,18,142,110
153181,ORD,call,D,5,am,2013,6,21,144,113
179722,ORD,call,A,5,am,2014,5,24,134,110
185117,ORD,call,A,5,am,2014,6,8,142,109
373404,ORD,call,A,5,am,2015,5,31,137,113
320475,ORD,call,A,5,am,2016,6,5,124,107
193146,ORD,"""call, song""",B,5,am,2014,6,22,142,111
183362,ORD,call,B,6,am,2014,6,21,142,114
134156,ORD,call,A,6,am,2013,5,19,144,109
368519,ORD,call,C,6,am,2017,4,13,136,109
81094,ORD,call,C,6,am,2011,6,8,124,110
215698,ORD,call,E,6,am,2013,4,20,133,124
160520,ORD,song,B,6,am,2013,5,21,142,113
256197,ORD,call,B,6,am,2015,7,4,136,110
194295,ORD,call,B,6,am,2014,6,24,138,110
322845,ORD,song,A,7,am,2016,6,1,137,119
230435,ORD,call,A,7,am,1998,3,20,131,133
230434,ORD,call,A,7,am,1998,3,20,139,123
371289,ORD,call,C,7,am,2017,5,21,137,104
163174,ORD,song,A,7,am,2012,5,18,134,125
163173,ORD,call,A,7,am,2012,5,18,143,107
163169,ORD,call,A,7,am,2012,5,18,149,113
193050,ORD,call,B,7,am,2014,7,13,142,113
320032,ORD,song,C,7,am,2016,5,30,128,91
160301,ORD,call,B,7,am,2013,5,4,124,98
107461,ORD,call,B,7,am,2012,6,14,137,113
54455,ORD,song,B,7,am,2008,5,15,114,109
129778,ORD,call,C,7,am,2013,4,14,129,108
299635,ORD,call,A,7,am,2015,5,23,130,111
236558,ORD,song,A,7,am,2015,4,18,146,115
99549,ORD,song,B,7,am,2012,4,15,134,108
163170,ORD,song,A,7,am,2012,5,25,130,109
313481,ORD,song,A,7,am,2016,4,23,131,113
362231,ORD,song,no score,8,am,2017,3,30,137,112
322862,ORD,call,A,8,am,2016,6,1,136,106
322861,ORD,"""call, song""",A,8,am,2016,6,1,158,126
65937,ORD,call,B,8,am,2010,7,4,150,127
393737,ORD,song,B,8,am,2017,6,24,154,129
160431,ORD,song,C,8,am,2013,5,16,134,101
388170,ORD,call,B,8,am,2017,5,20,141,112
364517,ORD,call,B,8,am,2017,4,15,134,114
175270,ORD,call,E,8,am,2014,4,19,121,119
192726,ORD,call,B,8,am,2014,4,22,141,111
212619,ORD,"""call, song""",C,8,am,2013,8,9,134,110
163172,ORD,call,B,8,am,2012,3,4,141,126
132146,ORD,song,A,9,am,2013,4,13,96,165
33004,ORD,call,B,9,am,2009,4,18,136,115
131961,ORD,"""call, song""",A,9,am,2013,4,27,146,112
158950,ORD,call,B,9,am,2012,7,7,145,110
357947,ORD,call,C,9,am,2017,2,15,145,122
357949,ORD,call,B,9,am,2017,2,15,143,122
357950,ORD,call,A,9,am,2017,2,15,150,113
142484,ORD,call,A,9,am,2013,7,13,142,119
354703,ORD,song,no score,9,am,2016,5,6,150,112
323053,ORD,song,B,10,am,2016,6,9,141,115
323052,ORD,call,B,10,am,2016,6,9,127,100
13846,ORD,call,A,10,am,2007,6,23,144,112
325928,ORD,call,B,10,am,2016,6,11,141,108
172791,ORD,song,B,10,am,2014,4,7,140,111
236696,ORD,song,C,10,am,2015,4,19,136,135
312721,ORD,call,B,10,am,2016,4,16,142,108
313909,ORD,call,B,11,am,2016,4,16,144,131
101362,ORD,song,B,11,am,2012,5,16,135,112
327947,ORD,call,no score,11,am,2016,7,19,136,105
137602,ORD,call,B,12,pm,2013,5,6,140,113
163175,ORD,song,A,12,pm,2011,5,18,154,125
163176,ORD,song,B,12,pm,2011,5,18,142,112
315286,ORD,call,B,12,pm,2016,5,5,139,114
362080,ORD,call,B,12,pm,2017,2,3,146,107
205913,ORD,song,B,15,pm,2014,6,1,133,127
176986,ORD,song,B,15,pm,2014,5,1,140,119
323025,ORD,call,B,16,pm,2016,6,8,149,111
323023,ORD,call,B,16,pm,2016,6,8,129,93
322820,ORD,call,B,16,pm,2016,5,31,142,111
268813,ORD,call,D,16,pm,2015,8,15,127,118
157277,ORD,call,D,16,pm,2010,6,24,138,107
132736,ORD,song,E,17,pm,2013,5,6,122,119
132735,ORD,song,D,17,pm,2013,5,6,132,102
302963,ORD,call,B,18,pm,2014,6,6,147,121
302960,ORD,call,B,18,pm,2014,6,6,131,114
253209,ORD,call,D,18,pm,2015,6,17,139,106
160345,ORD,call,C,18,pm,2013,5,5,145,134
188419,ORD,call,A,19,pm,2014,6,13,138,123
205929,PIN,call,D,4,am,2014,6,3,151,115
160607,PIN,drumming,C,4,am,2013,5,28,121,99
160609,PIN,call,C,4,am,2013,5,28,120,77
206197,PIN,call,C,5,am,2014,7,2,61,41
205197,PIN,call,D,5,am,2014,6,12,54,151
205497,PIN,call,C,6,am,2014,6,19,146,103
246093,PIN,call,B,6,am,2015,5,22,67,92
211063,PIN,call,A,6,am,2014,11,8,80,48
189290,PIN,call,B,6,am,2014,6,16,16,114
78062,PIN,call,B,6,am,2011,5,16,77,101
144484,PIN,drumming,C,6,am,2013,4,27,64,36
132867,PIN,call,A,6,am,2013,5,6,62,44
21100,PIN,call,A,7,am,2008,6,22,81,62
143637,PIN,call,D,7,am,2013,7,9,80,55
67494,PIN,call,B,7,am,2011,1,2,73,94
160464,PIN,call,B,7,am,2013,5,18,69,38
54774,PIN,call,B,7,am,2008,12,16,82,44
57935,PIN,drumming,A,8,am,2010,6,7,76,51
312800,PIN,call,A,8,am,2016,4,17,81,53
325526,PIN,call,A,8,am,2016,7,3,57,164
325525,PIN,call,A,8,am,2016,7,3,64,47
175237,PIN,drumming,A,8,am,2014,4,18,74,82
197639,PIN,call,B,9,am,2013,2,15,136,110
165591,PIN,call,C,9,am,2014,1,29,68,89
190346,PIN,call,B,9,am,2014,6,19,57,97
132869,PIN,drumming,B,9,am,2013,5,6,115,70
406228,PIN,call,B,9,am,2018,3,16,140,115
360986,PIN,call,no score,10,am,2017,1,18,81,53
245884,PIN,call,C,10,am,2012,10,29,120,73
302918,PIN,call,A,10,am,2005,4,16,63,92
166116,PIN,call,A,10,am,2014,2,3,56,147
101641,PIN,call,B,10,am,2012,5,12,42,23
388169,PIN,call,B,10,am,2017,5,20,130,77
90610,PIN,call,B,10,am,2011,11,30,126,139
132056,PIN,call,C,10,am,2012,12,20,68,96
164765,PIN,call,A,10,am,2014,1,15,83,58
47290,PIN,call,A,10,am,2010,4,18,62,164
47289,PIN,drumming,A,10,am,2010,4,18,71,38
379661,PIN,call,no score,11,am,2016,6,16,82,54
379660,PIN,call,no score,11,am,2016,6,16,73,80
379662,PIN,call,no score,11,am,2016,6,16,77,94
406359,PIN,call,C,11,am,2018,3,17,124,83
137670,PIN,drumming,A,11,am,2013,6,7,55,33
137669,PIN,call,D,11,am,2013,6,7,81,55
387634,PIN,call,C,11,am,2017,7,23,30,109
387635,PIN,call,no score,11,am,2017,7,23,141,73
132875,PIN,drumming,A,11,am,2013,5,6,59,42
214965,PIN,call,C,12,pm,2015,2,25,30,121
101888,PIN,call,B,13,pm,2012,5,15,51,139
101889,PIN,call,C,13,pm,2012,5,15,58,158
297560,PIN,call,C,13,pm,2015,12,29,49,53
387636,PIN,call,no score,14,pm,2017,7,23,83,91
387637,PIN,call,no score,14,pm,2017,7,23,30,114
387638,PIN,call,no score,14,pm,2017,7,23,61,41
189060,PIN,drumming,C,14,pm,2014,6,15,122,73
189059,PIN,drumming,B,14,pm,2014,6,15,61,74
263053,PIN,call,B,15,pm,2014,10,7,54,39
301680,PIN,?,B,15,pm,2016,1,9,79,44
286409,PIN,call,D,17,pm,2015,10,4,18,144
176389,PIN,call,B,17,pm,2014,4,26,68,90
239859,PIN,drumming,C,18,pm,2015,5,4,125,80
312414,PIN,call,B,18,pm,2016,4,10,40,111
189061,PIN,call,A,18,pm,2014,6,15,67,146
141847,PIN,call,A,19,pm,2013,6,30,83,54
142743,PIN,call,B,19,pm,2013,7,12,28,121
160819,PIN,call,D,20,pm,2013,7,1,60,37
206001,PIN,call,D,22,pm,2014,6,16,47,32
104337,PUR,song,A,4,am,2012,5,14,63,99
301792,PUR,call,B,5,am,2016,1,15,79,96
116448,PUR,call,B,5,am,2012,11,23,36,111
116447,PUR,call,B,5,am,2012,11,23,59,104
48234,PUR,song,A,5,am,2010,4,5,43,101
191578,PUR,song,A,5,am,2014,7,23,60,43
317048,PUR,song,D,5,am,2016,5,14,143,111
362566,PUR,call,C,5,am,2016,10,26,60,47
73054,PUR,call,A,6,am,2011,3,1,138,75
73057,PUR,"""call, song""",B,6,am,2011,3,4,68,86
338033,PUR,call,A,6,am,2016,10,14,171,88
114775,PUR,song,A,6,am,2012,11,4,62,90
114774,PUR,song,A,6,am,2012,11,4,67,75
204102,PUR,song,B,6,am,2014,9,28,54,51
204101,PUR,song,B,6,am,2014,9,28,57,96
114773,PUR,"""call, song""",B,6,am,2012,11,4,65,91
114772,PUR,song,B,6,am,2012,11,4,123,76
114771,PUR,song,B,6,am,2012,11,4,29,103
114770,PUR,call,B,6,am,2012,11,3,81,52
362563,PUR,call,A,6,am,2016,12,21,52,124
362568,PUR,call,A,6,am,2016,12,22,106,30
352143,PUR,call,A,7,am,2017,1,5,39,115
314557,PUR,call,A,7,am,2016,4,27,141,116
314556,PUR,call,A,7,am,2016,4,27,122,75
179947,PUR,song,A,7,am,2014,5,10,59,89
183793,PUR,song,B,7,am,2014,5,12,89,37
143279,PUR,call,B,7,am,2013,7,23,78,56
362564,PUR,call,C,7,am,2016,10,22,129,70
347707,PUR,call,C,7,am,2016,12,24,45,115
157798,PUR,call,C,7,am,2013,4,9,64,95
327421,PUR,call,A,8,am,2016,2,11,66,91
93998,PUR,call,B,8,am,2012,1,27,71,39
78416,PUR,call,C,8,am,2010,9,30,12,95
78415,PUR,call,D,8,am,2010,9,30,124,65
362569,PUR,call,A,8,am,2016,10,26,62,49
362567,PUR,song,A,8,am,2016,10,26,127,117
175315,PUR,call,D,8,am,2014,3,14,59,31
315812,PUR,call,B,8,am,2016,4,13,57,61
168358,PUR,song,B,8,am,2014,2,19,81,55
215094,PUR,call,A,9,am,2015,2,19,123,75
362570,PUR,"""call, song""",B,9,am,2016,6,9,65,170
158198,PUR,song,C,10,am,2013,5,23,124,82
373699,PUR,song,B,10,am,2016,11,6,126,70
163082,PUR,call,A,11,am,1986,12,26,89,57
114776,PUR,song,A,11,am,2012,11,14,134,85
375499,PUR,song,A,11,am,2017,6,14,62,44
163003,PUR,call,A,12,pm,2013,11,28,79,94
162951,PUR,call,A,12,pm,2013,12,10,67,95
347596,PUR,call,B,12,pm,2016,11,14,124,82
73056,PUR,call,B,12,pm,2011,3,1,60,35
73055,PUR,call,B,12,pm,2011,3,1,62,95
36874,PUR,call,B,12,pm,1995,6,28,118,81
399858,PUR,call,E,12,pm,2017,7,21,153,114
74070,PUR,song,B,12,pm,2010,2,21,43,31
329336,PUR,call,A,13,pm,2016,6,1,54,151
157782,PUR,call,A,13,pm,2013,4,11,64,41
404127,PUR,call,A,14,pm,2018,1,25,130,78
36875,PUR,call,B,15,pm,1995,6,28,53,42
37800,PUR,song,A,16,pm,2009,2,16,102,61
324956,PUR,call,B,16,pm,2016,5,22,123,64
114778,PUR,call,B,16,pm,2012,11,21,55,90
114777,PUR,song,B,16,pm,2012,11,15,123,80
365957,PUR,song,A,17,pm,2017,1,16,130,79
116705,PUR,call,A,17,pm,2013,1,2,31,128
116704,PUR,call,A,17,pm,2013,1,2,68,43
116703,PUR,call,A,17,pm,2013,1,2,58,36
116702,PUR,call,A,17,pm,2013,1,2,70,57
145290,PUR,call,A,18,pm,2013,7,26,135,126
11838,QAX,song,A,0,am,2005,1,16,73,73
365543,QAX,song,B,5,am,2016,11,23,70,92
84599,QAX,song,B,5,am,2000,9,19,82,92
313535,QAX,song,no score,6,am,2015,10,31,72,90
273044,QAX,song,A,6,am,2013,10,29,81,83
84598,QAX,song,B,6,am,2000,1,14,67,84
234998,QAX,song,B,6,am,2015,4,5,66,87
188951,QAX,song,no score,7,am,2012,12,13,72,90
3080,QAX,song,A,7,am,1998,6,21,67,84
215507,QAX,song,A,7,am,2004,8,26,68,91
6081,QAX,song,B,7,am,2006,2,28,67,88
314703,QAX,song,no score,8,am,2015,11,1,57,86
367773,QAX,song,A,8,am,2017,3,30,66,89
273047,QAX,song,A,8,am,2013,10,28,65,80
18578,QAX,song,C,8,am,2008,3,21,12,87
211670,QAX,song,no score,8,am,2011,3,31,66,75
115737,QAX,song,A,8,am,2012,10,12,69,86
115736,QAX,song,A,8,am,2012,10,12,65,88
115735,QAX,call,A,8,am,2012,10,12,79,84
329568,QAX,song,B,8,am,2016,7,22,66,91
370601,QAX,song,no score,9,am,2017,3,7,58,67
273048,QAX,song,A,9,am,2013,10,22,71,90
273046,QAX,song,A,9,am,2013,10,22,75,88
273045,QAX,song,A,9,am,2013,10,22,64,87
144401,QAX,song,A,9,am,2012,1,5,71,88
171671,QAX,call,C,9,am,2014,3,29,80,91
84600,QAX,song,B,9,am,2004,8,27,60,91
88865,QAX,song,B,10,am,2011,10,6,79,74
211672,QAX,song,A,11,am,2010,10,27,68,90
211671,QAX,song,A,11,am,2010,10,27,49,77
209514,QAX,"""call, song""",A,11,am,2015,1,1,73,91
364815,QAX,song,B,13,pm,2016,11,19,56,77
308410,QAX,"""call, song""",A,13,pm,2016,3,19,69,85
15673,QAX,song,B,14,pm,2007,10,7,70,84
7188,QAX,song,B,14,pm,2006,4,9,39,78
308347,QAX,"""call, song""",D,15,pm,2016,3,19,53,68
6802,QAX,song,A,16,pm,2006,2,12,64,84
8100,QAX,song,B,17,pm,2006,10,16,69,91
210359,QAX,call,A,17,pm,2015,1,10,70,86
319610,QUE,call,A,5,am,2016,6,2,149,125
107054,QUE,call,A,5,am,2012,6,8,57,150
320585,QUE,call,B,5,am,2016,6,3,42,109
320584,QUE,call,B,5,am,2016,6,3,70,114
252529,QUE,song,B,5,am,2015,6,13,55,152
252528,QUE,song,B,5,am,2015,6,13,50,142
110074,QUE,song,B,5,am,2012,5,20,66,78
312317,QUE,"""call, song""",B,6,am,2016,4,14,68,92
192373,QUE,call,B,6,am,2014,8,23,27,157
110075,QUE,song,B,6,am,2012,5,22,68,95
199659,QUE,call,C,6,am,2014,10,22,74,97
252267,QUE,call,C,6,am,2015,6,11,56,151
320626,QUE,call,B,6,am,2016,5,7,46,103
192991,QUE,call,B,6,am,2014,8,26,42,106
191357,QUE,song,B,6,am,2014,5,13,51,158
191350,QUE,song,B,6,am,2014,5,12,51,110
190993,QUE,call,B,6,am,2014,5,7,52,93
184261,QUE,call,B,6,am,2014,5,15,41,108
131295,QUE,call,B,6,am,2013,4,19,66,164
320625,QUE,call,C,6,am,2016,5,7,33,95
242006,QUE,song,C,6,am,2015,5,5,60,147
191385,QUE,song,C,6,am,2014,5,15,55,142
190992,QUE,song,C,6,am,2014,5,7,30,143
190991,QUE,song,C,6,am,2014,5,7,33,113
376565,QUE,call,B,6,am,2017,6,19,36,96
376508,QUE,song,A,7,am,2017,6,9,54,149
346440,QUE,call,B,7,am,2011,1,6,36,147
345891,QUE,call,B,7,am,2008,4,6,68,160
345890,QUE,song,B,7,am,2011,3,31,39,100
201555,QUE,call,B,7,am,2014,11,5,134,108
201554,QUE,call,B,7,am,2014,11,5,30,140
200644,QUE,call,B,7,am,2014,11,1,62,153
197348,QUE,call,B,7,am,2014,10,1,57,151
191795,QUE,call,B,7,am,2014,4,3,57,130
190268,QUE,call,B,7,am,2014,6,6,44,101
146032,QUE,song,B,7,am,2013,6,14,47,147
25538,QUE,song,B,7,am,2007,7,2,20,123
245821,QUE,call,C,7,am,2015,5,15,38,110
197350,QUE,song,C,7,am,2014,10,1,36,95
197349,QUE,"""call, song""",C,7,am,2014,10,1,63,155
109726,QUE,call,C,7,am,2012,8,25,66,160
162614,QUE,call,B,7,am,2013,5,29,46,106
61258,QUE,call,C,7,am,2010,7,30,81,54
308555,QUE,call,B,7,am,2016,3,17,59,91
124684,QUE,call,B,7,am,2010,9,12,71,160
217213,QUE,call,B,7,am,2015,3,13,70,94
390554,QUE,song,B,7,am,2016,5,12,62,151
390555,QUE,call,B,7,am,2016,5,12,36,115
386848,QUE,call,A,7,am,2017,9,16,71,94
324349,QUE,song,A,7,am,2016,5,9,41,108
255978,QUE,call,A,7,am,2015,7,2,49,107
324350,QUE,song,B,7,am,2016,5,9,43,108
315730,QUE,song,B,7,am,2016,5,7,44,100
267568,QUE,"""call, song""",B,7,am,2015,5,21,43,94
134897,QUE,call,B,7,am,2013,5,1,45,114
40217,QUE,call,B,7,am,2009,10,30,71,97
320629,QUE,song,C,7,am,2016,5,7,63,100
320627,QUE,song,C,7,am,2016,5,7,47,119
282864,QUE,call,C,7,am,2014,12,24,85,105
336309,QUE,call,B,7,am,2016,9,26,63,146
359886,QUE,call,B,8,am,2017,2,4,51,94
302241,QUE,call,B,8,am,2016,1,15,74,93
278524,QUE,call,B,8,am,2015,9,10,54,156
267572,QUE,"""call, song""",B,8,am,2015,5,18,34,128
267571,QUE,"""call, song""",B,8,am,2015,5,18,75,94
267570,QUE,"""call, song""",B,8,am,2015,5,18,68,92
267569,QUE,"""call, song""",B,8,am,2015,5,18,57,140
193373,QUE,call,B,8,am,2010,5,15,42,110
192123,QUE,call,B,8,am,2014,6,15,52,125
170722,QUE,call,B,8,am,2013,3,12,68,104
149880,QUE,call,C,8,am,2013,10,5,39,155
128136,QUE,call,C,8,am,2013,3,31,67,92
340978,QUE,call,B,8,am,2016,10,21,50,141
294503,QUE,call,D,8,am,2015,10,5,62,100
120467,QUE,call,A,8,am,2011,5,20,41,104
390266,QUE,call,A,8,am,2017,10,19,56,152
155709,QUE,"""call, song""",A,8,am,2012,4,23,80,141
376851,QUE,song,B,8,am,2016,6,5,73,111
92461,QUE,song,B,8,am,2010,7,3,65,97
356766,QUE,call,B,8,am,2017,2,25,47,99
202883,QUE,call,B,9,am,2014,11,16,44,106
182779,QUE,call,B,9,am,2014,4,30,67,93
139418,QUE,call,B,9,am,2009,5,26,51,99
371659,QUE,call,C,9,am,2017,5,13,75,96
282588,QUE,call,C,9,am,2015,9,6,70,92
193375,QUE,call,C,9,am,2014,8,22,57,158
367186,QUE,call,E,9,am,2017,3,5,52,139
293128,QUE,call,B,9,am,2015,11,29,25,104
277902,QUE,call,B,9,am,2010,3,1,31,111
202788,QUE,call,B,9,am,2014,10,29,33,101
202787,QUE,call,C,9,am,2014,10,29,55,149
336724,QUE,call,C,9,am,2016,9,18,54,173
316364,QUE,song,C,9,am,2016,5,1,55,149
314249,QUE,call,A,10,am,2016,4,23,41,103
365157,QUE,call,B,10,am,2017,4,12,46,97
266053,QUE,"""call, song""",B,10,am,2015,5,29,72,156
204542,QUE,call,B,10,am,2014,10,7,40,125
186703,QUE,call,B,10,am,2014,7,13,63,157
30125,QUE,song,B,10,am,2009,2,20,55,142
393743,QUE,call,C,10,am,2017,10,16,44,112
307257,QUE,call,C,10,am,2016,3,13,60,93
307256,QUE,call,C,10,am,2016,3,13,48,131
300481,QUE,call,C,10,am,2015,12,3,57,141
293272,QUE,call,C,10,am,2015,10,20,30,104
232958,QUE,"""call, song""",C,10,am,2015,3,25,32,149
307566,QUE,call,D,10,am,2016,3,18,58,149
307252,QUE,call,D,10,am,2016,3,13,42,146
393232,QUE,call,C,10,am,2017,11,4,65,151
202832,QUE,call,B,10,am,2014,11,16,65,163
310222,QUE,call,E,10,am,2016,2,23,47,144
311384,QUE,call,A,10,am,2016,3,24,43,159
286198,QUE,song,B,10,am,2015,6,1,144,122
256836,QUE,song,B,10,am,2015,7,4,40,109
256835,QUE,song,B,10,am,2015,7,4,53,156
135337,QUE,song,B,10,am,2013,5,25,70,164
265852,QUE,"""call, song""",C,10,am,2015,5,26,47,101
348224,QUE,call,D,10,am,2016,12,25,46,151
185672,QUE,call,D,10,am,2014,7,6,82,79
297166,QUE,call,B,11,am,2015,12,24,52,98
161935,QUE,song,B,11,am,1993,5,31,51,158
386063,QUE,call,C,11,am,2017,9,9,47,115
385688,QUE,call,C,11,am,2017,9,9,45,164
207265,QUE,call,C,11,am,2014,12,2,47,100
310224,QUE,call,C,11,am,2016,2,23,73,112
215352,QUE,call,B,11,am,2014,12,23,72,95
145210,QUE,call,A,11,am,2013,7,2,55,151
339613,QUE,call,B,11,am,2016,10,12,59,135
285968,QUE,song,C,11,am,2015,5,24,42,101
377028,QUE,song,A,12,pm,2017,6,17,50,151
373378,QUE,song,B,12,pm,2017,5,23,43,104
330677,QUE,call,B,12,pm,2016,7,29,44,111
198100,QUE,call,B,12,pm,2014,10,4,66,135
189400,QUE,call,B,12,pm,2014,7,16,53,153
183993,QUE,"""call, song""",B,12,pm,2014,5,14,72,148
183992,QUE,"""call, song""",B,12,pm,2014,5,14,66,145
183989,QUE,"""call, song""",B,12,pm,2014,5,14,54,154
101851,QUE,song,B,12,pm,2012,5,15,60,142
256921,QUE,song,C,12,pm,2015,7,4,70,98
168901,QUE,call,C,12,pm,2013,8,5,76,138
389929,QUE,call,A,12,pm,2017,10,14,65,101
343361,QUE,song,B,12,pm,2016,5,23,56,139
312552,QUE,song,B,12,pm,2015,6,14,68,93
357922,QUE,call,B,12,pm,2017,3,5,57,155
343363,QUE,song,B,12,pm,2016,5,23,58,150
281366,QUE,call,B,12,pm,2007,1,7,60,143
175914,QUE,song,B,12,pm,2014,4,20,63,93
367730,QUE,call,C,12,pm,2017,4,29,57,143
316379,QUE,call,C,12,pm,2016,5,1,36,107
405003,QUE,call,B,13,pm,2017,11,29,29,100
98668,QUE,call,B,13,pm,2012,4,1,45,103
256601,QUE,call,C,13,pm,2015,7,3,48,160
191109,QUE,call,C,13,pm,2014,5,18,54,157
336047,QUE,call,B,13,pm,2016,4,9,105,96
256926,QUE,call,B,13,pm,2015,7,4,49,154
235140,QUE,call,B,13,pm,2015,4,5,69,94
235139,QUE,song,B,13,pm,2015,4,5,53,145
235138,QUE,song,B,13,pm,2015,4,5,66,139
235137,QUE,"""call, song""",C,13,pm,2015,4,5,62,139
203980,QUE,call,A,14,pm,2014,11,6,47,101
356662,QUE,call,B,14,pm,2017,2,23,61,149
138587,QUE,call,D,14,pm,2013,5,11,52,122
138586,QUE,call,D,14,pm,2013,5,11,39,109
380585,QUE,call,A,15,pm,2014,7,26,41,109
97431,QUE,call,A,15,pm,2011,3,30,84,115
263097,QUE,call,B,15,pm,2015,7,5,52,144
375254,QUE,call,A,15,pm,2017,6,7,85,37
97438,QUE,song,A,15,pm,2011,3,30,74,107
97437,QUE,call,A,15,pm,2011,3,30,62,155
97436,QUE,call,A,15,pm,2011,3,30,56,152
97435,QUE,call,A,15,pm,2011,3,30,51,153
367046,QUE,"""call, song""",B,15,pm,2017,4,30,42,118
166689,QUE,call,C,15,pm,2013,12,27,37,117
263213,QUE,song,A,16,pm,2015,7,6,42,110
198590,QUE,call,A,16,pm,2014,10,11,38,107
198587,QUE,call,A,16,pm,2014,10,11,42,111
118502,QUE,call,A,16,pm,2007,12,21,49,111
97442,QUE,call,B,16,pm,2010,3,30,71,135
78167,QUE,song,B,16,pm,2011,5,9,53,154
369991,QUE,song,C,16,pm,2017,5,13,28,95
377246,QUE,song,A,16,pm,2017,5,24,42,109
406312,QUE,song,no score,16,pm,2018,3,16,54,151
406311,QUE,song,no score,16,pm,2018,3,16,52,142
406310,QUE,song,no score,16,pm,2018,3,16,41,107
376043,QUE,song,B,16,pm,2017,6,17,59,150
75084,QUE,call,C,16,pm,2011,3,3,64,151
211664,QUE,call,C,16,pm,2015,1,30,55,152
126385,QUE,call,C,16,pm,2013,1,13,65,144
142809,QUE,call,B,17,pm,2007,4,18,55,38
78170,QUE,call,B,17,pm,2011,5,10,45,108
78169,QUE,"""call, song""",B,17,pm,2011,5,10,41,108
78168,QUE,"""call, song""",B,17,pm,2011,5,10,29,98
251813,QUE,song,C,17,pm,2015,6,8,55,104
294680,QUE,song,B,17,pm,2015,6,19,68,156
26068,QUE,call,D,17,pm,2006,9,7,33,110
308010,QUE,song,B,17,pm,2016,3,16,43,110
383814,QUE,call,B,17,pm,2017,7,31,38,108
360715,QUE,song,A,18,pm,2017,3,21,33,106
263131,QUE,song,B,18,pm,2015,7,5,61,156
212201,QUE,call,B,18,pm,2014,12,18,67,105
257187,QUE,call,C,18,pm,2015,7,4,47,99
367828,QUE,call,B,18,pm,2017,5,5,31,107
253987,QUE,song,B,18,pm,2015,4,29,55,150
124685,QUE,call,B,18,pm,2010,9,15,39,115
367827,QUE,call,C,18,pm,2017,5,5,42,108
127576,QUE,call,C,18,pm,2010,9,25,46,111
389989,QUE,call,B,18,pm,2017,10,17,99,44
323342,QUE,call,C,19,pm,2016,6,12,53,149
256833,QUE,call,C,19,pm,2015,7,3,66,93
263232,QUE,song,A,20,pm,2015,7,6,36,108
190178,QUE,call,B,20,pm,2014,7,28,63,159
14877,ROS,song,A,5,am,2007,7,1,127,167
406172,ROS,song,C,5,am,2017,6,7,147,113
105151,ROS,song,A,5,am,2012,6,16,127,118
401782,ROS,song,A,6,am,2008,6,29,129,123
164204,ROS,song,A,6,am,2012,4,30,151,154
162569,ROS,call,A,6,am,2013,5,26,75,142
152971,ROS,song,A,6,am,2008,6,28,78,82
120731,ROS,call,A,6,am,2005,7,21,127,117
12122,ROS,song,A,6,am,2007,4,7,166,153
171853,ROS,song,B,6,am,2010,5,28,148,151
164203,ROS,call,B,6,am,2012,4,30,140,112
222803,ROS,song,C,6,am,1998,4,5,125,116
362922,ROS,call,B,6,am,2015,4,25,158,105
89862,ROS,song,A,6,am,1996,4,28,147,154
106772,ROS,call,A,6,am,2012,6,29,149,151
345797,ROS,call,B,6,am,2015,8,10,158,107
345801,ROS,call,B,6,am,2015,8,10,124,117
293918,ROS,"""call, song""",B,6,am,2015,6,5,109,114
282616,ROS,song,C,6,am,2015,4,7,134,116
149220,ROS,song,B,6,am,2013,6,9,146,158
160293,ROS,song,C,6,am,2013,5,4,147,154
364567,ROS,song,A,7,am,2017,4,14,124,121
344091,ROS,song,B,7,am,2007,5,26,139,148
344090,ROS,song,B,7,am,2015,6,1,147,119
293913,ROS,call,B,7,am,2015,6,5,45,64
134979,ROS,song,B,7,am,2013,5,6,118,111
312965,ROS,call,B,7,am,2016,4,19,125,117
312968,ROS,call,B,7,am,2016,4,19,71,93
293914,ROS,song,A,7,am,2015,6,5,142,114
225347,ROS,call,A,7,am,2015,3,15,163,117
324018,ROS,song,B,7,am,2016,6,9,150,120
182666,ROS,call,B,7,am,2014,4,29,128,119
182663,ROS,call,C,7,am,2014,4,29,131,125
345555,ROS,call,B,7,am,2015,8,10,26,133
176636,ROS,song,A,7,am,2013,6,6,121,132
377874,ROS,song,A,7,am,2000,6,11,134,118
345556,ROS,call,B,7,am,2015,8,10,152,121
406171,ROS,call,A,7,am,2017,6,7,125,133
255560,ROS,call,B,7,am,2015,3,10,115,129
345795,ROS,call,B,7,am,2015,10,24,143,106
139528,ROS,song,A,8,am,2009,5,30,134,144
30397,ROS,song,A,8,am,2009,2,22,125,121
216670,ROS,"""call, song""",B,8,am,2009,4,19,136,166
191515,ROS,song,B,8,am,2014,7,6,125,110
164230,ROS,call,B,8,am,2014,1,11,147,155
294798,ROS,call,C,8,am,2015,12,12,113,114
91847,ROS,song,C,8,am,2011,12,1,80,125
91845,ROS,call,C,8,am,2011,12,1,132,150
18969,ROS,song,C,8,am,2007,12,22,99,127
18970,ROS,song,D,8,am,2007,12,22,104,123
345802,ROS,song,B,8,am,2015,4,8,149,114
354538,ROS,call,B,8,am,2017,2,5,144,110
162568,ROS,call,B,8,am,2013,5,26,135,158
222806,ROS,song,C,8,am,2007,2,15,147,157
277998,ROS,song,C,8,am,2015,5,3,128,117
277999,ROS,song,B,8,am,2015,5,3,123,129
278001,ROS,call,C,8,am,2015,5,3,143,115
299736,ROS,call,A,8,am,2015,5,31,131,133
110765,ROS,song,A,8,am,2012,5,29,146,111
191476,ROS,song,B,8,am,2014,7,3,135,106
125879,ROS,call,B,8,am,2013,2,4,62,153
125878,ROS,call,B,8,am,2013,2,4,146,155
63086,ROS,call,C,8,am,2010,10,9,138,161
345562,ROS,call,B,8,am,2015,3,31,157,124
345554,ROS,song,B,8,am,2015,8,9,47,58
191418,ROS,song,B,9,am,2014,7,2,136,126
191417,ROS,call,B,9,am,2014,7,2,148,147
191416,ROS,call,B,9,am,2014,7,2,127,116
191415,ROS,call,B,9,am,2014,7,2,148,159
164634,ROS,call,B,9,am,2014,1,12,148,156
164631,ROS,call,B,9,am,2014,1,12,142,150
363136,ROS,call,C,9,am,2017,4,4,139,114
150457,ROS,call,C,9,am,2013,10,13,161,141
125402,ROS,song,C,9,am,2013,3,17,151,166
293916,ROS,call,A,9,am,2015,6,5,147,117
200110,ROS,call,B,9,am,2014,10,25,41,123
383446,ROS,call,B,9,am,2017,8,18,130,108
256362,ROS,call,B,9,am,2015,2,11,137,138
295352,ROS,call,C,9,am,2015,12,11,129,117
288915,ROS,song,C,9,am,2015,3,19,120,111
237009,ROS,"""call, song""",C,9,am,2015,4,21,106,138
345552,ROS,song,B,9,am,2015,4,20,135,118
345551,ROS,song,D,9,am,2016,2,10,124,111
345553,ROS,song,B,9,am,2015,4,20,133,116
237005,ROS,song,C,9,am,2015,4,21,127,117
80749,ROS,song,B,9,am,2011,5,14,146,156
387404,ROS,call,A,10,am,2017,9,18,149,115
387405,ROS,call,B,10,am,2017,9,18,125,104
387403,ROS,call,B,10,am,2017,9,18,130,107
342417,ROS,call,B,10,am,2016,11,11,136,130
222805,ROS,song,C,10,am,2000,6,11,148,154
169033,ROS,call,C,10,am,2011,9,9,125,122
161630,ROS,song,C,10,am,2013,12,28,130,120
313073,ROS,call,B,10,am,2016,4,14,133,120
320496,ROS,song,B,10,am,2016,4,14,119,121
305761,ROS,song,B,10,am,2016,2,28,121,116
158163,ROS,call,B,10,am,2013,12,18,164,173
111777,ROS,call,C,10,am,2012,10,22,127,117
342729,ROS,call,B,10,am,2016,11,13,116,132
34861,ROS,song,B,10,am,2009,5,23,143,112
405548,ROS,song,A,11,am,2018,3,10,55,125
41283,ROS,call,A,11,am,2009,10,12,137,99
349700,ROS,call,B,11,am,2016,12,28,170,110
41282,ROS,call,B,11,am,2009,10,12,145,151
134755,ROS,song,C,11,am,2013,5,24,145,154
233383,ROS,call,A,11,am,2015,3,15,142,114
233384,ROS,song,B,11,am,2015,3,15,120,118
134557,ROS,song,A,11,am,2000,5,8,39,61
261402,ROS,call,B,11,am,2015,7,18,147,121
233386,ROS,song,B,11,am,2015,3,15,130,114
345557,ROS,call,B,11,am,2015,12,25,153,113
345559,ROS,call,B,11,am,2015,12,25,85,134
345558,ROS,call,B,11,am,2015,12,25,150,110
345560,ROS,call,B,11,am,2015,12,25,154,127
313778,ROS,song,B,11,am,2016,4,24,130,122
405901,ROS,call,A,12,pm,2018,2,8,58,76
222804,ROS,song,C,12,pm,2003,4,18,144,178
174364,ROS,song,D,12,pm,2014,4,13,130,139
339833,ROS,call,B,12,pm,2016,10,23,149,118
339832,ROS,call,B,12,pm,2016,10,23,149,111
314104,ROS,song,B,12,pm,2016,4,28,128,116
395927,ROS,call,C,12,pm,2017,11,23,137,111
291662,ROS,call,B,12,pm,2015,11,23,152,119
368492,ROS,call,A,12,pm,2017,3,13,141,124
368493,ROS,call,A,12,pm,2017,3,13,89,131
401720,ROS,call,A,13,pm,2016,12,28,132,121
401719,ROS,call,A,13,pm,2016,12,28,106,107
351273,ROS,call,A,13,pm,2017,1,17,146,114
306340,ROS,song,E,13,pm,2016,3,8,104,124
345561,ROS,call,B,13,pm,2015,12,25,110,120
56867,ROS,song,C,13,pm,2010,6,25,135,120
111775,ROS,call,A,13,pm,2012,10,22,129,112
291090,ROS,call,B,13,pm,2015,5,16,137,109
402254,ROS,call,no score,13,pm,2018,2,8,49,63
291091,ROS,call,B,13,pm,2015,5,16,134,123
111776,ROS,call,B,13,pm,2012,10,22,109,121
113144,ROS,call,B,14,pm,2012,10,6,113,110
43857,ROS,call,B,14,pm,2010,2,4,134,152
345563,ROS,call,B,14,pm,2016,1,3,128,118
59000,ROS,song,B,14,pm,2010,6,14,146,154
345796,ROS,call,B,14,pm,2016,1,3,152,122
345550,ROS,call,B,14,pm,2016,1,3,62,67
345564,ROS,call,B,14,pm,2016,1,3,149,117
371525,ROS,"""call, song""",D,14,pm,2017,4,23,109,134
298739,ROS,call,A,15,pm,2016,1,9,124,116
118322,ROS,call,A,15,pm,2013,1,15,140,149
118320,ROS,call,A,15,pm,2013,1,15,127,113
378584,ROS,song,B,15,pm,2017,7,1,75,103
206618,ROS,song,C,15,pm,2014,5,24,133,109
118321,ROS,call,A,15,pm,2013,1,15,152,154
163385,ROS,call,A,15,pm,2014,1,5,152,154
35964,ROS,call,A,15,pm,2008,9,30,142,164
277952,ROS,song,A,15,pm,2015,5,26,128,116
278041,ROS,call,B,15,pm,2015,5,26,66,81
181907,ROS,call,A,17,pm,2014,3,13,123,110
164501,ROS,song,A,17,pm,1993,5,3,131,120
162567,ROS,call,A,17,pm,2013,5,25,34,134
304180,ROS,song,B,18,pm,2016,2,20,71,138
306344,ROS,song,B,19,pm,2016,3,6,159,129
306343,ROS,call,B,19,pm,2016,3,6,111,115
325274,ROS,song,D,20,pm,2016,6,23,140,114
277989,ROS,song,A,20,pm,2015,5,26,159,117
172485,ROS,song,B,20,pm,2013,5,8,138,150
162563,ROS,song,A,21,pm,2013,5,25,116,108
162562,ROS,?,B,21,pm,2013,5,25,161,159
162565,ROS,call,B,21,pm,2013,5,25,135,119
162566,ROS,call,A,21,pm,2013,5,25,142,121
162564,ROS,song,A,21,pm,2013,5,25,35,145
378131,ROS,call,C,23,pm,2017,6,22,131,119
91352,ROS,song,B,17,pm,2010,4,23,149,156
91351,ROS,song,B,17,pm,2010,4,23,132,46
53789,ROS,song,B,17,pm,2010,4,20,125,118
53791,ROS,call,B,17,pm,2010,4,25,140,115
63268,SCR,call,C,5,am,2009,5,31,64,162
364750,SCR,call,A,6,am,2016,11,18,62,93
301354,SCR,call,A,6,am,2012,2,13,31,87
15768,SCR,call,B,6,am,2007,8,5,46,90
51417,SCR,song,A,6,am,2010,4,26,58,96
299613,SCR,call,B,7,am,2011,7,22,51,53
299127,SCR,"""call, song""",B,7,am,2012,6,18,70,156
186203,SCR,call,B,7,am,2011,3,30,48,78
211414,SCR,call,B,7,am,2002,11,19,80,179
82192,SCR,call,B,7,am,2004,7,16,60,159
296527,SCR,call,A,8,am,2015,12,19,58,166
174625,SCR,call,A,8,am,2012,11,1,51,151
2631,SCR,call,A,8,am,1995,2,20,46,85
2630,SCR,call,A,8,am,1995,2,20,69,165
376041,SCR,call,B,8,am,2017,5,26,52,67
180151,SCR,call,C,8,am,2014,5,19,52,70
361126,SCR,call,A,8,am,2017,3,8,64,78
150371,SCR,song,B,8,am,2011,9,15,59,162
315276,SCR,call,E,8,am,2016,4,12,47,79
32401,SCR,call,A,8,am,2000,2,5,61,75
4625,SCR,call,B,8,am,2005,1,18,66,85
4627,SCR,call,B,8,am,2005,1,18,51,181
4626,SCR,call,C,8,am,2005,1,18,59,89
273024,SCR,call,A,9,am,2013,10,16,63,83
273022,SCR,call,A,9,am,2013,10,16,62,160
184571,SCR,call,A,9,am,1992,8,9,52,65
133623,SCR,call,A,9,am,2013,5,7,43,59
273021,SCR,call,C,9,am,2013,10,16,51,82
157395,SCR,song,C,9,am,2012,6,22,67,80
386997,SCR,call,A,9,am,2006,10,9,50,80
172131,SCR,song,B,9,am,2014,3,28,59,96
46842,SCR,call,A,9,am,2010,4,14,69,157
32400,SCR,call,A,9,am,2000,2,4,58,119
122405,SCR,call,A,10,am,2012,5,13,71,181
78194,SCR,song,A,10,am,2011,5,17,52,97
78193,SCR,song,A,10,am,2011,5,17,62,171
78192,SCR,song,B,10,am,2011,5,17,58,159
78191,SCR,song,B,10,am,2011,5,17,61,97
14575,SCR,call,B,10,am,2007,7,22,68,85
14511,SCR,call,B,10,am,2007,7,9,67,81
2622,SCR,call,C,10,am,1995,2,19,66,82
337874,SCR,call,B,10,am,2016,5,2,52,81
14981,SCR,call,B,10,am,2004,11,19,46,85
13081,SCR,call,C,10,am,2007,4,29,49,86
45058,SCR,call,B,10,am,2009,12,26,72,155
143351,SCR,song,A,11,am,2013,1,23,63,168
78190,SCR,call,A,11,am,2011,5,17,48,157
78187,SCR,call,A,11,am,2011,5,17,54,86
299064,SCR,call,B,11,am,2011,11,23,49,75
78189,SCR,call,B,11,am,2011,5,17,65,155
78188,SCR,call,B,11,am,2011,5,17,71,138
163418,SCR,song,B,13,pm,2011,2,11,73,156
108628,SCR,call,A,14,pm,2011,12,18,52,81
173444,SCR,call,B,15,pm,2013,3,9,70,140
391621,SCR,call,A,15,pm,2017,9,23,62,160
211412,SCR,call,B,15,pm,2013,10,10,60,85
394329,SCR,call,A,16,pm,2017,10,30,78,158
273023,SCR,call,A,16,pm,2013,10,15,58,95
153850,SCR,call,A,16,pm,2013,11,8,56,78
290417,SCR,call,B,16,pm,2015,9,12,77,151
211413,SCR,call,B,16,pm,2013,10,10,57,80
8123,SCR,call,C,16,pm,2006,7,14,56,154
167331,SCR,song,A,16,pm,2014,2,9,55,153
32403,SCR,call,A,16,pm,2000,2,22,61,163
294708,SCR,call,A,16,pm,2015,6,10,61,80
366511,SCR,call,B,17,pm,2016,12,13,65,161
186204,SCR,song,B,17,pm,2010,11,30,59,90
174636,SCR,song,A,17,pm,2012,2,6,57,94
1765,SCR,call,A,17,pm,1992,12,27,42,48
32402,SCR,call,B,17,pm,2000,2,21,58,174
364126,SCR,call,B,18,pm,2016,11,4,48,98
289907,SCR,call,B,18,pm,2015,8,28,53,85
13557,SCR,call,A,8,am,2007,3,19,60,86
13555,SCR,?,C,8,am,2007,3,17,70,164
110607,SCR,call,C,10,am,2012,7,24,63,79
13556,SCR,call,B,11,am,2007,3,29,50,60
239357,VER,song,B,2,am,2015,5,1,87,82
141672,VER,song,B,4,am,2013,6,27,51,87
378953,VER,song,A,6,am,2017,7,8,119,178
366477,VER,song,B,6,am,2017,4,26,71,90
139431,VER,song,A,6,am,2013,6,20,90,153
229714,VER,song,B,7,am,1999,4,22,83,156
183272,VER,song,B,7,am,2014,5,14,60,111
139430,VER,"""call, song""",A,7,am,2013,6,20,52,81
179669,VER,"""call, song""",A,7,am,2014,5,25,90,87
101242,VER,song,B,7,am,2012,5,15,61,163
171662,VER,song,B,7,am,2014,3,30,87,156
171698,VER,song,A,7,am,2014,3,30,51,82
150395,VER,call,A,7,am,2013,10,12,93,153
154307,VER,call,B,7,am,2013,11,4,82,153
150394,VER,call,B,7,am,2013,10,12,95,158
89162,VER,call,C,7,am,2011,10,5,75,88
353003,VER,"""call, song""",B,7,am,2016,3,22,70,68
337449,VER,call,A,7,am,2013,8,16,67,75
170554,VER,song,B,7,am,2014,3,21,90,152
79976,VER,song,B,7,am,2011,6,5,68,82
169066,VER,song,B,8,am,2014,3,5,81,87
52426,VER,song,B,8,am,2008,3,23,83,148
52427,VER,call,C,8,am,2009,4,19,88,151
337448,VER,call,B,8,am,2013,8,16,90,130
137538,VER,song,A,8,am,2013,6,1,68,81
364447,VER,"""call, song""",C,8,am,2017,4,14,90,174
364446,VER,"""call, song""",C,8,am,2017,4,14,97,151
145784,VER,call,B,8,am,2013,7,26,89,151
376223,VER,song,A,9,am,2017,6,16,85,76
324405,VER,song,B,9,am,2013,4,15,66,83
309652,VER,song,B,9,am,2016,3,22,83,76
304862,VER,call,B,9,am,2016,2,27,79,81
229713,VER,song,B,9,am,2002,4,6,78,69
192277,VER,call,B,9,am,2014,6,3,74,71
42461,VER,call,C,9,am,2009,6,4,90,153
70120,VER,call,A,9,am,2010,10,17,37,173
167838,VER,call,A,9,am,2014,2,17,104,156
167835,VER,call,B,9,am,2014,2,17,80,145
100032,VER,call,C,9,am,2012,4,30,101,122
350776,VER,song,B,9,am,2017,1,9,97,148
217747,VER,call,B,9,am,2015,1,24,72,98
97355,VER,song,B,9,am,2012,3,25,54,164
71559,VER,call,B,9,am,2011,2,9,89,146
210869,VER,call,B,9,am,2014,10,8,85,152
210868,VER,call,B,9,am,2014,10,8,48,83
306353,VER,song,C,10,am,2016,2,28,77,95
18391,VER,song,A,10,am,2008,3,9,88,147
389354,VER,song,B,10,am,2016,4,14,101,156
58481,VER,song,B,10,am,2010,7,21,81,78
389355,VER,song,C,10,am,2016,4,14,64,77
283267,VER,call,C,10,am,2015,8,14,96,163
283266,VER,call,C,10,am,2015,8,14,96,152
283265,VER,call,C,10,am,2015,8,14,92,160
97369,VER,song,B,10,am,2012,3,25,72,79
210872,VER,call,B,10,am,2014,10,10,74,86
229712,VER,song,B,11,am,2003,4,12,90,152
18392,VER,song,A,11,am,2008,3,9,109,145
325739,VER,song,C,11,am,2016,7,4,91,160
301392,VER,call,A,12,pm,2015,11,4,57,173
144364,VER,song,C,12,pm,2011,5,15,95,156
367784,VER,song,A,13,pm,2017,3,7,110,150
287361,VER,call,C,13,pm,2015,10,22,103,152
287358,VER,call,C,13,pm,2015,10,22,87,149
397347,VER,call,B,14,pm,2017,12,29,64,128
141673,VER,call,C,14,pm,2009,1,2,75,64
153963,VER,call,D,14,pm,2013,11,5,148,158
337447,VER,call,A,15,pm,2013,8,15,92,148
134674,VER,song,B,16,pm,2013,5,21,82,144
305166,VER,call,D,16,pm,2016,2,28,86,144
373259,VER,song,B,16,pm,2017,4,5,90,154
142361,VER,?,B,16,pm,2013,7,11,117,153
305167,VER,call,D,16,pm,2016,2,28,56,87
173985,VER,song,B,17,pm,2014,3,6,97,175
184520,VER,song,C,17,pm,2014,6,30,61,92
236286,VER,song,D,17,pm,2015,4,12,40,103
236287,VER,song,D,17,pm,2015,4,12,72,58
180252,VER,call,A,17,pm,2014,5,25,93,151
180249,VER,call,A,17,pm,2014,5,25,84,149
327481,VER,song,C,19,pm,2016,7,14,95,158
